nodeId,currentName,proposedName,width,height,screen,rule
1744:68984,Profile Picture,Avatar / lg,52,52,15.2 - Clubs - Search Open,Avatar family
1744:69003,Profile Picture,Avatar / lg,52,52,15.2 - Clubs - Search Open,Avatar family
1744:69021,Profile Picture,Avatar / lg,52,52,15.2 - Clubs - Search Open,Avatar family
1744:69043,Profile Picture,Avatar / lg,52,52,15.2 - Clubs - Search Open,Avatar family
1744:69066,Profile Picture,Avatar / lg,52,52,15.2 - Clubs - Search Open,Avatar family
1744:69086,Profile Picture,Avatar / lg,52,52,15.2 - Clubs - Search Open,Avatar family
1744:69169,Profile Picture,Avatar / lg,52,52,15.3 - Clubs - Search Open - Keyboard Open,Avatar family
1744:69188,Profile Picture,Avatar / lg,52,52,15.3 - Clubs - Search Open - Keyboard Open,Avatar family
1744:69210,Profile Picture,Avatar / lg,52,52,15.3 - Clubs - Search Open - Keyboard Open,Avatar family
1744:69230,Profile Picture,Avatar / lg,52,52,15.3 - Clubs - Search Open - Keyboard Open,Avatar family
1744:69275,Avatar Container,Avatar / sm,40,40,15.4 - Clubs - User Details,Avatar family
1744:69282,Avatar Container,Avatar / sm,40,40,15.4 - Clubs - User Details,Avatar family
1744:69289,Avatar Container,Avatar / sm,40,40,15.4 - Clubs - User Details,Avatar family
1744:69532,Profile Picture,Avatar / lg,52,52,15.1 - Clubs,Avatar family
1744:69551,Profile Picture,Avatar / lg,52,52,15.1 - Clubs,Avatar family
1744:69569,Profile Picture,Avatar / lg,52,52,15.1 - Clubs,Avatar family
1744:69591,Profile Picture,Avatar / lg,52,52,15.1 - Clubs,Avatar family
1744:69614,Profile Picture,Avatar / lg,52,52,15.1 - Clubs,Avatar family
1744:69634,Profile Picture,Avatar / lg,52,52,15.1 - Clubs,Avatar family
1744:71703,Profile Picture,Avatar / md,42,42,18.9 - Club Details - Admin - Members List,Avatar family
1744:71712,Profile Picture,Avatar / md,42,42,18.9 - Club Details - Admin - Members List,Avatar family
1744:71722,Profile Picture,Avatar / md,42,42,18.9 - Club Details - Admin - Members List,Avatar family
1744:71732,Profile Picture,Avatar / md,42,42,18.9 - Club Details - Admin - Members List,Avatar family
1744:71743,Profile Picture,Avatar / md,42,42,18.9 - Club Details - Admin - Members List,Avatar family
1744:71755,Profile Picture,Avatar / md,42,42,18.9 - Club Details - Admin - Members List,Avatar family
1744:71767,Profile Picture,Avatar / md,42,42,18.9 - Club Details - Admin - Members List,Avatar family
1744:71776,Profile Picture,Avatar / md,42,42,18.9 - Club Details - Admin - Members List,Avatar family
1744:71786,Profile Picture,Avatar / md,42,42,18.9 - Club Details - Admin - Members List,Avatar family
1744:71797,Profile Picture,Avatar / md,42,42,18.9 - Club Details - Admin - Members List,Avatar family
1744:71809,Profile Picture,Avatar / md,42,42,18.9 - Club Details - Admin - Members List,Avatar family
1744:71830,Profile Picture,Avatar / md,42,42,18.4 - Club Details - Not Admin - Members,Avatar family
1744:71838,Profile Picture,Avatar / md,42,42,18.4 - Club Details - Not Admin - Members,Avatar family
1744:71845,Profile Picture,Avatar / md,42,42,18.4 - Club Details - Not Admin - Members,Avatar family
1744:71853,Profile Picture,Avatar / md,42,42,18.4 - Club Details - Not Admin - Members,Avatar family
1744:71862,Profile Picture,Avatar / md,42,42,18.4 - Club Details - Not Admin - Members,Avatar family
1744:71872,Profile Picture,Avatar / md,42,42,18.4 - Club Details - Not Admin - Members,Avatar family
1744:71882,Profile Picture,Avatar / md,42,42,18.4 - Club Details - Not Admin - Members,Avatar family
1744:71889,Profile Picture,Avatar / md,42,42,18.4 - Club Details - Not Admin - Members,Avatar family
1744:71897,Profile Picture,Avatar / md,42,42,18.4 - Club Details - Not Admin - Members,Avatar family
1744:71906,Profile Picture,Avatar / md,42,42,18.4 - Club Details - Not Admin - Members,Avatar family
1744:71916,Profile Picture,Avatar / md,42,42,18.4 - Club Details - Not Admin - Members,Avatar family
1744:71936,Profile Picture,Avatar / md,42,42,18.10 - Club Details - Admin - Members List - Action,Avatar family
1744:71945,Profile Picture,Avatar / md,42,42,18.10 - Club Details - Admin - Members List - Action,Avatar family
1744:71955,Profile Picture,Avatar / md,42,42,18.10 - Club Details - Admin - Members List - Action,Avatar family
1744:71965,Profile Picture,Avatar / md,42,42,18.10 - Club Details - Admin - Members List - Action,Avatar family
1744:71976,Profile Picture,Avatar / md,42,42,18.10 - Club Details - Admin - Members List - Action,Avatar family
1744:71988,Profile Picture,Avatar / md,42,42,18.10 - Club Details - Admin - Members List - Action,Avatar family
1744:72000,Profile Picture,Avatar / md,42,42,18.10 - Club Details - Admin - Members List - Action,Avatar family
1744:72009,Profile Picture,Avatar / md,42,42,18.10 - Club Details - Admin - Members List - Action,Avatar family
1744:72019,Profile Picture,Avatar / md,42,42,18.10 - Club Details - Admin - Members List - Action,Avatar family
1744:72030,Profile Picture,Avatar / md,42,42,18.10 - Club Details - Admin - Members List - Action,Avatar family
1744:72042,Profile Picture,Avatar / md,42,42,18.10 - Club Details - Admin - Members List - Action,Avatar family
1744:72068,Profile Picture,Avatar / md,42,42,18.11 - Club Details - Admin - Remove Pop Up,Avatar family
1744:72077,Profile Picture,Avatar / md,42,42,18.11 - Club Details - Admin - Remove Pop Up,Avatar family
1744:72087,Profile Picture,Avatar / md,42,42,18.11 - Club Details - Admin - Remove Pop Up,Avatar family
1744:72097,Profile Picture,Avatar / md,42,42,18.11 - Club Details - Admin - Remove Pop Up,Avatar family
1744:72108,Profile Picture,Avatar / md,42,42,18.11 - Club Details - Admin - Remove Pop Up,Avatar family
1744:72120,Profile Picture,Avatar / md,42,42,18.11 - Club Details - Admin - Remove Pop Up,Avatar family
1744:72132,Profile Picture,Avatar / md,42,42,18.11 - Club Details - Admin - Remove Pop Up,Avatar family
1744:72141,Profile Picture,Avatar / md,42,42,18.11 - Club Details - Admin - Remove Pop Up,Avatar family
1744:72151,Profile Picture,Avatar / md,42,42,18.11 - Club Details - Admin - Remove Pop Up,Avatar family
1744:72162,Profile Picture,Avatar / md,42,42,18.11 - Club Details - Admin - Remove Pop Up,Avatar family
1744:72174,Profile Picture,Avatar / md,42,42,18.11 - Club Details - Admin - Remove Pop Up,Avatar family
1744:72208,Profile Picture,Avatar / md,42,42,18.12 - Club Details - Admin - Remove Pop Up,Avatar family
1744:72217,Profile Picture,Avatar / md,42,42,18.12 - Club Details - Admin - Remove Pop Up,Avatar family
1744:72227,Profile Picture,Avatar / md,42,42,18.12 - Club Details - Admin - Remove Pop Up,Avatar family
1744:72237,Profile Picture,Avatar / md,42,42,18.12 - Club Details - Admin - Remove Pop Up,Avatar family
1744:72248,Profile Picture,Avatar / md,42,42,18.12 - Club Details - Admin - Remove Pop Up,Avatar family
1744:72260,Profile Picture,Avatar / md,42,42,18.12 - Club Details - Admin - Remove Pop Up,Avatar family
1744:72272,Profile Picture,Avatar / md,42,42,18.12 - Club Details - Admin - Remove Pop Up,Avatar family
1744:72281,Profile Picture,Avatar / md,42,42,18.12 - Club Details - Admin - Remove Pop Up,Avatar family
1744:72291,Profile Picture,Avatar / md,42,42,18.12 - Club Details - Admin - Remove Pop Up,Avatar family
1744:72302,Profile Picture,Avatar / md,42,42,18.12 - Club Details - Admin - Remove Pop Up,Avatar family
1744:72314,Profile Picture,Avatar / md,42,42,18.12 - Club Details - Admin - Remove Pop Up,Avatar family
1744:72351,Profile Picture,Avatar / md,42,42,18.13 - Club Details - Admin - Member Removed,Avatar family
1744:72359,Profile Picture,Avatar / md,42,42,18.13 - Club Details - Admin - Member Removed,Avatar family
1744:72369,Profile Picture,Avatar / md,42,42,18.13 - Club Details - Admin - Member Removed,Avatar family
1744:72380,Profile Picture,Avatar / md,42,42,18.13 - Club Details - Admin - Member Removed,Avatar family
1744:72392,Profile Picture,Avatar / md,42,42,18.13 - Club Details - Admin - Member Removed,Avatar family
1744:72404,Profile Picture,Avatar / md,42,42,18.13 - Club Details - Admin - Member Removed,Avatar family
1744:72413,Profile Picture,Avatar / md,42,42,18.13 - Club Details - Admin - Member Removed,Avatar family
1744:72423,Profile Picture,Avatar / md,42,42,18.13 - Club Details - Admin - Member Removed,Avatar family
1744:72434,Profile Picture,Avatar / md,42,42,18.13 - Club Details - Admin - Member Removed,Avatar family
1744:72446,Profile Picture,Avatar / md,42,42,18.13 - Club Details - Admin - Member Removed,Avatar family
1744:77025,Avatar Container,Avatar / xl,64,64,4.3 - Add Kids - Empty State,Avatar family
1744:77212,Avatar Container,Avatar / xl,64,64,4.4 - Add Kids - Pop Up - 1,Avatar family
1744:77240,Avatar Container,Avatar / xl,64,64,4.4 - Add Kids - Pop Up - 1,Avatar family
1744:77291,Avatar Container,Avatar / xl,64,64,4.5 - Add Kids - Pop Up - 2,Avatar family
1744:77319,Avatar Container,Avatar / xl,64,64,4.5 - Add Kids - Pop Up - 2,Avatar family
1744:77370,Avatar Container,Avatar / xl,64,64,4.6 - Add Kids - Pop Up - 3,Avatar family
1744:77398,Avatar Container,Avatar / xl,64,64,4.6 - Add Kids - Pop Up - 3,Avatar family
1744:77449,Avatar Container,Avatar / xl,64,64,4.7 - Add Kids - Pop Up - 4,Avatar family
1744:77477,Avatar Container,Avatar / xl,64,64,4.7 - Add Kids - Pop Up - 4,Avatar family
1744:77555,Avatar Container,Avatar / xl,64,64,4.8 - Add Kids - Pop Up - 5,Avatar family
1744:77583,Avatar Container,Avatar / xl,64,64,4.8 - Add Kids - Pop Up - 5,Avatar family
1744:77688,Avatar Container,Avatar / xl,64,64,4.9 - Add Kids - Pop Up - 6,Avatar family
1744:77716,Avatar Container,Avatar / xl,64,64,4.9 - Add Kids - Pop Up - 6,Avatar family
1744:77835,Avatar Container,Avatar / xl,64,64,4.10 - Add Kids - Pop Up - 7,Avatar family
1744:77863,Avatar Container,Avatar / xl,64,64,4.10 - Add Kids - Pop Up - 7,Avatar family
1744:77914,Avatar Container,Avatar / xl,64,64,4.11 - Add Kids - Pop Up - 8,Avatar family
1744:77942,Avatar Container,Avatar / xl,64,64,4.11 - Add Kids - Pop Up - 8,Avatar family
1744:77993,Avatar Container,Avatar / xl,64,64,4.13 - Add Kids - Pop Up - 9,Avatar family
1744:78021,Avatar Container,Avatar / xl,64,64,4.13 - Add Kids - Pop Up - 9,Avatar family
1744:67115,Profile and Hamburger Menu,IconButton / profile,32,32,10.2 - Memories - For You - Comment Pop up 1,IconButton
1744:67124,Search bar,IconButton / search,40,40,10.2 - Memories - For You - Comment Pop up 1,IconButton
1744:67301,Profile and Hamburger Menu,IconButton / profile,32,32,10.5 - Memories - For You - Comment Pop up 4,IconButton
1744:67310,Search bar,IconButton / search,40,40,10.5 - Memories - For You - Comment Pop up 4,IconButton
1744:67510,Profile and Hamburger Menu,IconButton / profile,32,32,10.6 - Memories - For You - Comment Pop up 5,IconButton
1744:67519,Search bar,IconButton / search,40,40,10.6 - Memories - For You - Comment Pop up 5,IconButton
1744:67720,Profile and Hamburger Menu,IconButton / profile,32,32,10.7 - Memories - For You - Comment Pop up 6,IconButton
1744:67729,Search bar,IconButton / search,40,40,10.7 - Memories - For You - Comment Pop up 6,IconButton
1744:67991,Profile and Hamburger Menu,IconButton / profile,32,32,10.8 - Memories - For You - Comment Pop up 7,IconButton
1744:68000,Search bar,IconButton / search,40,40,10.8 - Memories - For You - Comment Pop up 7,IconButton
1744:68272,Profile and Hamburger Menu,IconButton / profile,32,32,10.3 - Memories - For You - Comment Pop up 2,IconButton
1744:68281,Search bar,IconButton / search,40,40,10.3 - Memories - For You - Comment Pop up 2,IconButton
1744:68460,Profile and Hamburger Menu,IconButton / profile,32,32,10.4 - Memories - For You - Comment Pop up 3,IconButton
1744:68469,Search bar,IconButton / search,40,40,10.4 - Memories - For You - Comment Pop up 3,IconButton
1744:68648,Profile and Hamburger Menu,IconButton / profile,32,32,10.1 - Memories - For You,IconButton
1744:68657,Search bar,IconButton / search,40,40,10.1 - Memories - For You,IconButton
1744:68741,Profile and Hamburger Menu,IconButton / profile,32,32,8.1 - Home - My Events,IconButton
1744:68752,Search bar,IconButton / search,40,40,8.1 - Home - My Events,IconButton
1744:68886,Profile and Hamburger Menu,IconButton / profile,32,32,8.2 - Home - My Events - Shimmer Loading,IconButton
1744:68897,Search bar,IconButton / search,40,40,8.2 - Home - My Events - Shimmer Loading,IconButton
1744:70584,Profile and Hamburger Menu,IconButton / profile,32,32,7.1 - Home - Discover Events - 2 Events,IconButton
1744:70595,Search bar,IconButton / search,40,40,7.1 - Home - Discover Events - 2 Events,IconButton
1744:70737,Profile and Hamburger Menu,IconButton / profile,32,32,7.1 - Home - Discover Events - 2 Events,IconButton
1744:70748,Search bar,IconButton / search,40,40,7.1 - Home - Discover Events - 2 Events,IconButton
1744:72898,Profile and Hamburger Menu,IconButton / profile,32,32,10.1 - Memories - For You,IconButton
1744:72907,Search bar,IconButton / search,40,40,10.1 - Memories - For You,IconButton
1744:72992,Profile and Hamburger Menu,IconButton / profile,32,32,10.9 - Memories - For You - Shimmer Loading,IconButton
1744:73001,Search bar,IconButton / search,40,40,10.9 - Memories - For You - Shimmer Loading,IconButton
1744:73538,Mic,IconButton / mic,32,32,9.1 - Park and Playground Details Page - As Host,IconButton
1744:73674,Mic,IconButton / mic,32,32,9.2 - Park and Playground Details Page - Past Events,IconButton
1744:74699,Mic,IconButton / mic,32,32,16.7 - Create Event - Send Invites,IconButton
1744:74702,Mic,IconButton / mic,32,32,16.7 - Create Event - Send Invites,IconButton
1744:74827,Mic,IconButton / mic,32,32,16.3 - Create Event - Provide Details,IconButton
1744:74830,Mic,IconButton / mic,32,32,16.3 - Create Event - Provide Details,IconButton
1744:74874,Mic,IconButton / mic,32,32,16.5 - Create Event - User Going Added,IconButton
1744:74877,Mic,IconButton / mic,32,32,16.5 - Create Event - User Going Added,IconButton
1744:74928,Mic,IconButton / mic,32,32,16.6 - Create Event - Keyboard Open,IconButton
1744:74931,Mic,IconButton / mic,32,32,16.6 - Create Event - Keyboard Open,IconButton
1744:74982,Mic,IconButton / mic,32,32,16.4 - Create Event - Who&#39;s Going Pop Up,IconButton
1744:74985,Mic,IconButton / mic,32,32,16.4 - Create Event - Who&#39;s Going Pop Up,IconButton
1744:75110,Mic,IconButton / mic,32,32,16.2 - Create Event - Select Image Preview,IconButton
1744:75600,Mic,IconButton / mic,36,36,16.8 - Create Event - Invite Sent + Preview,IconButton
1744:75639,Mic,IconButton / mic,32,32,16.1 - Event Details,IconButton
1744:75783,Mic,IconButton / mic,36,36,13.10 - AI Assist Page - Create Club - Invite Sent + Preview,IconButton
1744:75860,Mic,IconButton / mic,32,32,16.13 - Create Event - Provide Details,IconButton
1744:75863,Mic,IconButton / mic,32,32,16.13 - Create Event - Provide Details,IconButton
1744:75916,Mic,IconButton / mic,32,32,16.15 - Create Event - User Going Added,IconButton
1744:75919,Mic,IconButton / mic,32,32,16.15 - Create Event - User Going Added,IconButton
1744:75979,Mic,IconButton / mic,32,32,16.20 - Create Event - User Going Added,IconButton
1744:75982,Mic,IconButton / mic,32,32,16.20 - Create Event - User Going Added,IconButton
1744:76042,Mic,IconButton / mic,32,32,16.16 - Create Event - User Going Added,IconButton
1744:76045,Mic,IconButton / mic,32,32,16.16 - Create Event - User Going Added,IconButton
1744:76217,Mic,IconButton / mic,32,32,16.17 - Create Event - User Going Added,IconButton
1744:76220,Mic,IconButton / mic,32,32,16.17 - Create Event - User Going Added,IconButton
1744:76392,Mic,IconButton / mic,32,32,16.18 - Create Event - User Going Added,IconButton
1744:76395,Mic,IconButton / mic,32,32,16.18 - Create Event - User Going Added,IconButton
1744:76567,Mic,IconButton / mic,32,32,16.19 - Create Event - User Going Added,IconButton
1744:76570,Mic,IconButton / mic,32,32,16.19 - Create Event - User Going Added,IconButton
1744:76742,Mic,IconButton / mic,32,32,16.14 - Create Event - Who&#39;s Going Pop Up,IconButton
1744:76745,Mic,IconButton / mic,32,32,16.14 - Create Event - Who&#39;s Going Pop Up,IconButton
1744:78500,Mic,IconButton / mic,36,36,5.7 - Add your spouse,IconButton
1744:79075,Profile and Hamburger Menu,IconButton / profile,32,32,7.1 - Home - Discover Events - 2 Events,IconButton
1744:79086,Search bar,IconButton / search,40,40,7.1 - Home - Discover Events - 2 Events,IconButton
1744:79248,Mic,IconButton / mic,32,32,12.5 - AI Assist Page - Create Event - Edit Event Details,IconButton
1744:79305,Mic,IconButton / mic,32,32,12.7 - AI Assist Page - Create Event - Edit Event Details - User Added,IconButton
1744:79369,Mic,IconButton / mic,32,32,12.12 - AI Assist Page - Create Event - Edit Event Details - Time Set,IconButton
1744:79433,Mic,IconButton / mic,32,32,12.8 - AI Assist Page - Create Event - Edit Event Details - Set Time Pop Up 1,IconButton
1744:79609,Mic,IconButton / mic,32,32,12.9 - AI Assist Page - Create Event - Edit Event Details - Set Time Pop Up 2,IconButton
1744:79785,Mic,IconButton / mic,32,32,12.10 - AI Assist Page - Create Event - Edit Event Details - Set Time Pop Up 3,IconButton
1744:79961,Mic,IconButton / mic,32,32,12.11 - AI Assist Page - Create Event - Edit Event Details - Set Time Pop Up 4,IconButton
1744:80137,Mic,IconButton / mic,32,32,12.6 - AI Assist Page - Create Event - Edit Event Details - Add User Pop Up,IconButton
1744:80276,Mic,IconButton / mic,32,32,12.13 - AI Assist Page - Create Event - Send Invites,IconButton
1744:80279,Mic,IconButton / mic,32,32,12.13 - AI Assist Page - Create Event - Send Invites,IconButton
1744:80405,Mic,IconButton / mic,36,36,12.13 - AI Assist Page - Create Event - Invites Sent!,IconButton
1744:80449,Mic,IconButton / mic,32,32,12.4 - AI Assist Page - Create Event - Image Preview,IconButton
1744:80527,Mic,IconButton / mic,32,32,12.3 - AI Assist Page - Create Event - Shimmer Loading,IconButton
1744:80676,Profile and Hamburger Menu,IconButton / profile,32,32,7.2 - Home - Discover Events,IconButton
1744:80687,Search bar,IconButton / search,40,40,7.2 - Home - Discover Events,IconButton
1744:80788,Profile and Hamburger Menu,IconButton / profile,32,32,7.3 - Home - Discover Events - Activities This Week - See All,IconButton
1744:80799,Search bar,IconButton / search,40,40,7.3 - Home - Discover Events - Activities This Week - See All,IconButton
1744:81212,Profile and Hamburger Menu,IconButton / profile,32,32,7.1 - Home - Discover Events - 2 Events,IconButton
1744:81223,Search bar,IconButton / search,40,40,7.1 - Home - Discover Events - 2 Events,IconButton
1744:81365,Profile and Hamburger Menu,IconButton / profile,32,32,7.5 - Home - Discover Events - Shimmer Loading,IconButton
1744:81376,Search bar,IconButton / search,40,40,7.5 - Home - Discover Events - Shimmer Loading,IconButton
1744:67135,Social Club,Chip / club,116,32,10.2 - Memories - For You - Comment Pop up 1,Chips
1744:67321,Social Club,Chip / club,116,32,10.5 - Memories - For You - Comment Pop up 4,Chips
1744:67530,Social Club,Chip / club,116,32,10.6 - Memories - For You - Comment Pop up 5,Chips
1744:67740,Social Club,Chip / club,116,32,10.7 - Memories - For You - Comment Pop up 6,Chips
1744:68011,Social Club,Chip / club,116,32,10.8 - Memories - For You - Comment Pop up 7,Chips
1744:68292,Social Club,Chip / club,116,32,10.3 - Memories - For You - Comment Pop up 2,Chips
1744:68480,Social Club,Chip / club,116,32,10.4 - Memories - For You - Comment Pop up 3,Chips
1744:68668,Social Club,Chip / club,116,32,10.1 - Memories - For You,Chips
1744:68977,Chips,Chip / md,185,28,15.2 - Clubs - Search Open,Chips
1744:69162,Chips,Chip / md,185,28,15.3 - Clubs - Search Open - Keyboard Open,Chips
1744:69279,Chips,Chip / xs,40,19,15.4 - Clubs - User Details,Chips
1744:69286,Chips,Chip / xs,40,19,15.4 - Clubs - User Details,Chips
1744:69293,Chips,Chip / xs,38,19,15.4 - Clubs - User Details,Chips
1744:69305,Chips,Chip / md,124,31,15.4 - Clubs - User Details,Chips
1744:69307,Chips,Chip / md,82,31,15.4 - Clubs - User Details,Chips
1744:69309,Chips,Chip / md,64,31,15.4 - Clubs - User Details,Chips
1744:69311,Chips,Chip / md,28,31,15.4 - Clubs - User Details,Chips
1744:69313,Chips,Chip / md,53,31,15.4 - Clubs - User Details,Chips
1744:69315,Chips,Chip / md,61,31,15.4 - Clubs - User Details,Chips
1744:69317,Chips,Chip / md,73,31,15.4 - Clubs - User Details,Chips
1744:69319,Chips,Chip / md,104,31,15.4 - Clubs - User Details,Chips
1744:69525,Chips,Chip / md,185,28,15.1 - Clubs,Chips
1744:69705,Chips,Chip / md,190,27,15.8 - Clubs - Shimmer Loading,Chips
1744:70932,Chips,Chip / md,113,36,13.3 - AI Assist Page - Create Club - Club Question 1,Chips
1744:70960,Chips,Chip / md,113,36,13.4 - AI Assist Page - Create Club - Club Question 2,Chips
1744:70990,Chips,Chip / md,113,36,13.5 - AI Assist Page - Create Club - Club Question 3,Chips
1744:71025,Chips,Chip / md,113,36,13.6 - AI Assist Page - Create Club - Club Question 4,Chips
1744:71267,Chips,Chip / md,124,31,18.2 - Club Details - Not Admin,Chips
1744:71269,Chips,Chip / md,82,31,18.2 - Club Details - Not Admin,Chips
1744:71271,Chips,Chip / md,64,31,18.2 - Club Details - Not Admin,Chips
1744:71273,Chips,Chip / md,28,31,18.2 - Club Details - Not Admin,Chips
1744:71275,Chips,Chip / md,53,31,18.2 - Club Details - Not Admin,Chips
1744:71277,Chips,Chip / md,61,31,18.2 - Club Details - Not Admin,Chips
1744:71279,Chips,Chip / md,73,31,18.2 - Club Details - Not Admin,Chips
1744:71281,Chips,Chip / md,104,31,18.2 - Club Details - Not Admin,Chips
1744:71383,Chips,Chip / md,124,31,18.3 - Club Details - Not Admin - Leave Club,Chips
1744:71385,Chips,Chip / md,82,31,18.3 - Club Details - Not Admin - Leave Club,Chips
1744:71387,Chips,Chip / md,64,31,18.3 - Club Details - Not Admin - Leave Club,Chips
1744:71389,Chips,Chip / md,28,31,18.3 - Club Details - Not Admin - Leave Club,Chips
1744:71391,Chips,Chip / md,53,31,18.3 - Club Details - Not Admin - Leave Club,Chips
1744:71393,Chips,Chip / md,61,31,18.3 - Club Details - Not Admin - Leave Club,Chips
1744:71395,Chips,Chip / md,73,31,18.3 - Club Details - Not Admin - Leave Club,Chips
1744:71397,Chips,Chip / md,104,31,18.3 - Club Details - Not Admin - Leave Club,Chips
1744:71445,Chips,Chip / md,124,31,18.16 - Edit Club,Chips
1744:71447,Chips,Chip / md,82,31,18.16 - Edit Club,Chips
1744:71449,Chips,Chip / md,64,31,18.16 - Edit Club,Chips
1744:71451,Chips,Chip / md,28,31,18.16 - Edit Club,Chips
1744:71453,Chips,Chip / md,53,31,18.16 - Edit Club,Chips
1744:71455,Chips,Chip / md,61,31,18.16 - Edit Club,Chips
1744:71457,Chips,Chip / md,73,31,18.16 - Edit Club,Chips
1744:71459,Chips,Chip / md,104,31,18.16 - Edit Club,Chips
1744:71518,Chips,Chip / md,124,31,18.17 - Edit Club - Full View,Chips
1744:71520,Chips,Chip / md,82,31,18.17 - Edit Club - Full View,Chips
1744:71522,Chips,Chip / md,64,31,18.17 - Edit Club - Full View,Chips
1744:71524,Chips,Chip / md,28,31,18.17 - Edit Club - Full View,Chips
1744:71526,Chips,Chip / md,53,31,18.17 - Edit Club - Full View,Chips
1744:71528,Chips,Chip / md,61,31,18.17 - Edit Club - Full View,Chips
1744:71530,Chips,Chip / md,73,31,18.17 - Edit Club - Full View,Chips
1744:71532,Chips,Chip / md,104,31,18.17 - Edit Club - Full View,Chips
1744:71636,Chips,Chip / md,124,31,18.7 - Club Details - Admin,Chips
1744:71638,Chips,Chip / md,82,31,18.7 - Club Details - Admin,Chips
1744:71640,Chips,Chip / md,64,31,18.7 - Club Details - Admin,Chips
1744:71642,Chips,Chip / md,28,31,18.7 - Club Details - Admin,Chips
1744:71644,Chips,Chip / md,53,31,18.7 - Club Details - Admin,Chips
1744:71646,Chips,Chip / md,61,31,18.7 - Club Details - Admin,Chips
1744:71648,Chips,Chip / md,73,31,18.7 - Club Details - Admin,Chips
1744:71650,Chips,Chip / md,104,31,18.7 - Club Details - Admin,Chips
1744:72918,Social Club,Chip / club,116,32,10.1 - Memories - For You,Chips
1744:75724,Chips,Chip / md,124,31,13.7 - AI Assist Page - Create Club - Club Preview,Chips
1744:75726,Chips,Chip / md,82,31,13.7 - AI Assist Page - Create Club - Club Preview,Chips
1744:75728,Chips,Chip / md,64,31,13.7 - AI Assist Page - Create Club - Club Preview,Chips
1744:75730,Chips,Chip / md,28,31,13.7 - AI Assist Page - Create Club - Club Preview,Chips
1744:75732,Chips,Chip / md,53,31,13.7 - AI Assist Page - Create Club - Club Preview,Chips
1744:75734,Chips,Chip / md,61,31,13.7 - AI Assist Page - Create Club - Club Preview,Chips
1744:75736,Chips,Chip / md,73,31,13.7 - AI Assist Page - Create Club - Club Preview,Chips
1744:75738,Chips,Chip / md,104,31,13.7 - AI Assist Page - Create Club - Club Preview,Chips
1744:77073,Chips,Chip / xs,40,19,4.14 - Add Kids - Filled,Chips
1744:77121,Chips,Chip / xs,40,19,4.15 - Add Kids - Full Spot,Chips
1744:77134,Chips,Chip / xs,40,19,4.15 - Add Kids - Full Spot,Chips
1744:77147,Chips,Chip / xs,40,19,4.15 - Add Kids - Full Spot,Chips
1744:77160,Chips,Chip / xs,40,19,4.15 - Add Kids - Full Spot,Chips
1744:77173,Chips,Chip / xs,40,19,4.15 - Add Kids - Full Spot,Chips
1744:78319,Chips,Chip / xs,40,19,5.1 - Customize Profile - Default,Chips
1744:78326,Chips,Chip / xs,38,19,5.1 - Customize Profile - Default,Chips
1744:78333,Chips,Chip / xs,40,19,5.1 - Customize Profile - Default,Chips
1744:78342,Chips,Chip / md,124,31,5.1 - Customize Profile - Default,Chips
1744:78344,Chips,Chip / md,82,31,5.1 - Customize Profile - Default,Chips
1744:78346,Chips,Chip / md,64,31,5.1 - Customize Profile - Default,Chips
1744:78348,Chips,Chip / md,28,31,5.1 - Customize Profile - Default,Chips
1744:78350,Chips,Chip / md,53,31,5.1 - Customize Profile - Default,Chips
1744:78352,Chips,Chip / md,61,31,5.1 - Customize Profile - Default,Chips
1744:78354,Chips,Chip / md,73,31,5.1 - Customize Profile - Default,Chips
1744:78356,Chips,Chip / md,104,31,5.1 - Customize Profile - Default,Chips
1744:78386,Chips,Chip / xs,40,19,5.4 - Customize Profile - Profile Image Uploaded,Chips
1744:78393,Chips,Chip / xs,38,19,5.4 - Customize Profile - Profile Image Uploaded,Chips
1744:78400,Chips,Chip / xs,40,19,5.4 - Customize Profile - Profile Image Uploaded,Chips
1744:78409,Chips,Chip / md,124,31,5.4 - Customize Profile - Profile Image Uploaded,Chips
1744:78411,Chips,Chip / md,82,31,5.4 - Customize Profile - Profile Image Uploaded,Chips
1744:78413,Chips,Chip / md,64,31,5.4 - Customize Profile - Profile Image Uploaded,Chips
1744:78415,Chips,Chip / md,28,31,5.4 - Customize Profile - Profile Image Uploaded,Chips
1744:78417,Chips,Chip / md,53,31,5.4 - Customize Profile - Profile Image Uploaded,Chips
1744:78419,Chips,Chip / md,61,31,5.4 - Customize Profile - Profile Image Uploaded,Chips
1744:78421,Chips,Chip / md,73,31,5.4 - Customize Profile - Profile Image Uploaded,Chips
1744:78423,Chips,Chip / md,104,31,5.4 - Customize Profile - Profile Image Uploaded,Chips
1744:78679,Chips,Chip / xs,40,19,5.4 - Customize Profile - Profile Image Uploaded,Chips
1744:78686,Chips,Chip / xs,38,19,5.4 - Customize Profile - Profile Image Uploaded,Chips
1744:78693,Chips,Chip / xs,40,19,5.4 - Customize Profile - Profile Image Uploaded,Chips
1744:78702,Chips,Chip / md,124,31,5.4 - Customize Profile - Profile Image Uploaded,Chips
1744:78704,Chips,Chip / md,82,31,5.4 - Customize Profile - Profile Image Uploaded,Chips
1744:78706,Chips,Chip / md,64,31,5.4 - Customize Profile - Profile Image Uploaded,Chips
1744:78708,Chips,Chip / md,28,31,5.4 - Customize Profile - Profile Image Uploaded,Chips
1744:78710,Chips,Chip / md,53,31,5.4 - Customize Profile - Profile Image Uploaded,Chips
1744:78712,Chips,Chip / md,61,31,5.4 - Customize Profile - Profile Image Uploaded,Chips
1744:78714,Chips,Chip / md,73,31,5.4 - Customize Profile - Profile Image Uploaded,Chips
1744:78716,Chips,Chip / md,104,31,5.4 - Customize Profile - Profile Image Uploaded,Chips
1744:67160,Name and Title,UserMeta / title,99,34,10.2 - Memories - For You - Comment Pop up 1,UserMeta
1744:67185,Name and Title,UserMeta / title,57,38,10.2 - Memories - For You - Comment Pop up 1,UserMeta
1744:67192,Name and Title,UserMeta / title,57,19,10.2 - Memories - For You - Comment Pop up 1,UserMeta
1744:67199,Name and Title,UserMeta / title,57,38,10.2 - Memories - For You - Comment Pop up 1,UserMeta
1744:67218,Name and Time,UserMeta / time,98,22,10.2 - Memories - For You - Comment Pop up 1,UserMeta
1744:67219,Name and Title,UserMeta / title,75,22,10.2 - Memories - For You - Comment Pop up 1,UserMeta
1744:67221,Name and Title,UserMeta / title,15,22,10.2 - Memories - For You - Comment Pop up 1,UserMeta
1744:67223,Name and Time,UserMeta / time,61,19,10.2 - Memories - For You - Comment Pop up 1,UserMeta
1744:67224,Name and Title,UserMeta / title,61,19,10.2 - Memories - For You - Comment Pop up 1,UserMeta
1744:67228,Name and Title,UserMeta / title,33,19,10.2 - Memories - For You - Comment Pop up 1,UserMeta
1744:67231,Name and Title,UserMeta / title,275,15,10.2 - Memories - For You - Comment Pop up 1,UserMeta
1744:67246,Name and Time,UserMeta / time,127,22,10.2 - Memories - For You - Comment Pop up 1,UserMeta
1744:67247,Name and Title,UserMeta / title,102,22,10.2 - Memories - For You - Comment Pop up 1,UserMeta
1744:67249,Name and Title,UserMeta / title,17,22,10.2 - Memories - For You - Comment Pop up 1,UserMeta
1744:67251,Name and Time,UserMeta / time,75,19,10.2 - Memories - For You - Comment Pop up 1,UserMeta
1744:67252,Name and Title,UserMeta / title,75,19,10.2 - Memories - For You - Comment Pop up 1,UserMeta
1744:67256,Name and Title,UserMeta / title,33,19,10.2 - Memories - For You - Comment Pop up 1,UserMeta
1744:67270,Name and Time,UserMeta / time,116,22,10.2 - Memories - For You - Comment Pop up 1,UserMeta
1744:67271,Name and Title,UserMeta / title,90,22,10.2 - Memories - For You - Comment Pop up 1,UserMeta
1744:67273,Name and Title,UserMeta / title,18,22,10.2 - Memories - For You - Comment Pop up 1,UserMeta
1744:67275,Name and Time,UserMeta / time,71,19,10.2 - Memories - For You - Comment Pop up 1,UserMeta
1744:67276,Name and Title,UserMeta / title,71,19,10.2 - Memories - For You - Comment Pop up 1,UserMeta
1744:67280,Name and Title,UserMeta / title,33,19,10.2 - Memories - For You - Comment Pop up 1,UserMeta
1744:67346,Name and Title,UserMeta / title,99,34,10.5 - Memories - For You - Comment Pop up 4,UserMeta
1744:67371,Name and Title,UserMeta / title,57,38,10.5 - Memories - For You - Comment Pop up 4,UserMeta
1744:67378,Name and Title,UserMeta / title,57,19,10.5 - Memories - For You - Comment Pop up 4,UserMeta
1744:67385,Name and Title,UserMeta / title,57,38,10.5 - Memories - For You - Comment Pop up 4,UserMeta
1744:67403,Name and Time,UserMeta / time,112,22,10.5 - Memories - For You - Comment Pop up 4,UserMeta
1744:67404,Name and Title,UserMeta / title,85,22,10.5 - Memories - For You - Comment Pop up 4,UserMeta
1744:67406,Name and Title,UserMeta / title,19,22,10.5 - Memories - For You - Comment Pop up 4,UserMeta
1744:67408,Name and Time,UserMeta / time,85,19,10.5 - Memories - For You - Comment Pop up 4,UserMeta
1744:67409,Name and Title,UserMeta / title,85,19,10.5 - Memories - For You - Comment Pop up 4,UserMeta
1744:67413,Name and Title,UserMeta / title,33,19,10.5 - Memories - For You - Comment Pop up 4,UserMeta
1744:67427,Name and Time,UserMeta / time,98,22,10.5 - Memories - For You - Comment Pop up 4,UserMeta
1744:67428,Name and Title,UserMeta / title,75,22,10.5 - Memories - For You - Comment Pop up 4,UserMeta
1744:67430,Name and Title,UserMeta / title,15,22,10.5 - Memories - For You - Comment Pop up 4,UserMeta
1744:67432,Name and Time,UserMeta / time,61,19,10.5 - Memories - For You - Comment Pop up 4,UserMeta
1744:67433,Name and Title,UserMeta / title,61,19,10.5 - Memories - For You - Comment Pop up 4,UserMeta
1744:67437,Name and Title,UserMeta / title,33,19,10.5 - Memories - For You - Comment Pop up 4,UserMeta
1744:67440,Name and Title,UserMeta / title,275,15,10.5 - Memories - For You - Comment Pop up 4,UserMeta
1744:67455,Name and Time,UserMeta / time,127,22,10.5 - Memories - For You - Comment Pop up 4,UserMeta
1744:67456,Name and Title,UserMeta / title,102,22,10.5 - Memories - For You - Comment Pop up 4,UserMeta
1744:67458,Name and Title,UserMeta / title,17,22,10.5 - Memories - For You - Comment Pop up 4,UserMeta
1744:67460,Name and Time,UserMeta / time,75,19,10.5 - Memories - For You - Comment Pop up 4,UserMeta
1744:67461,Name and Title,UserMeta / title,75,19,10.5 - Memories - For You - Comment Pop up 4,UserMeta
1744:67465,Name and Title,UserMeta / title,33,19,10.5 - Memories - For You - Comment Pop up 4,UserMeta
1744:67479,Name and Time,UserMeta / time,127,22,10.5 - Memories - For You - Comment Pop up 4,UserMeta
1744:67480,Name and Title,UserMeta / title,101,22,10.5 - Memories - For You - Comment Pop up 4,UserMeta
1744:67482,Name and Title,UserMeta / title,18,22,10.5 - Memories - For You - Comment Pop up 4,UserMeta
1744:67484,Name and Time,UserMeta / time,79,15,10.5 - Memories - For You - Comment Pop up 4,UserMeta
1744:67485,Name and Title,UserMeta / title,79,15,10.5 - Memories - For You - Comment Pop up 4,UserMeta
1744:67489,Name and Title,UserMeta / title,33,19,10.5 - Memories - For You - Comment Pop up 4,UserMeta
1744:67555,Name and Title,UserMeta / title,99,34,10.6 - Memories - For You - Comment Pop up 5,UserMeta
1744:67580,Name and Title,UserMeta / title,57,38,10.6 - Memories - For You - Comment Pop up 5,UserMeta
1744:67587,Name and Title,UserMeta / title,57,19,10.6 - Memories - For You - Comment Pop up 5,UserMeta
1744:67594,Name and Title,UserMeta / title,57,38,10.6 - Memories - For You - Comment Pop up 5,UserMeta
1744:67612,Name and Time,UserMeta / time,112,22,10.6 - Memories - For You - Comment Pop up 5,UserMeta
1744:67613,Name and Title,UserMeta / title,85,22,10.6 - Memories - For You - Comment Pop up 5,UserMeta
1744:67615,Name and Title,UserMeta / title,19,22,10.6 - Memories - For You - Comment Pop up 5,UserMeta
1744:67617,Name and Time,UserMeta / time,85,19,10.6 - Memories - For You - Comment Pop up 5,UserMeta
1744:67618,Name and Title,UserMeta / title,85,19,10.6 - Memories - For You - Comment Pop up 5,UserMeta
1744:67622,Name and Title,UserMeta / title,33,19,10.6 - Memories - For You - Comment Pop up 5,UserMeta
1744:67637,Name and Time,UserMeta / time,98,22,10.6 - Memories - For You - Comment Pop up 5,UserMeta
1744:67638,Name and Title,UserMeta / title,75,22,10.6 - Memories - For You - Comment Pop up 5,UserMeta
1744:67640,Name and Title,UserMeta / title,15,22,10.6 - Memories - For You - Comment Pop up 5,UserMeta
1744:67642,Name and Time,UserMeta / time,61,19,10.6 - Memories - For You - Comment Pop up 5,UserMeta
1744:67643,Name and Title,UserMeta / title,61,19,10.6 - Memories - For You - Comment Pop up 5,UserMeta
1744:67647,Name and Title,UserMeta / title,33,19,10.6 - Memories - For You - Comment Pop up 5,UserMeta
1744:67650,Name and Title,UserMeta / title,275,15,10.6 - Memories - For You - Comment Pop up 5,UserMeta
1744:67665,Name and Time,UserMeta / time,127,22,10.6 - Memories - For You - Comment Pop up 5,UserMeta
1744:67666,Name and Title,UserMeta / title,102,22,10.6 - Memories - For You - Comment Pop up 5,UserMeta
1744:67668,Name and Title,UserMeta / title,17,22,10.6 - Memories - For You - Comment Pop up 5,UserMeta
1744:67670,Name and Time,UserMeta / time,75,19,10.6 - Memories - For You - Comment Pop up 5,UserMeta
1744:67671,Name and Title,UserMeta / title,75,19,10.6 - Memories - For You - Comment Pop up 5,UserMeta
1744:67675,Name and Title,UserMeta / title,33,19,10.6 - Memories - For You - Comment Pop up 5,UserMeta
1744:67689,Name and Time,UserMeta / time,127,22,10.6 - Memories - For You - Comment Pop up 5,UserMeta
1744:67690,Name and Title,UserMeta / title,101,22,10.6 - Memories - For You - Comment Pop up 5,UserMeta
1744:67692,Name and Title,UserMeta / title,18,22,10.6 - Memories - For You - Comment Pop up 5,UserMeta
1744:67694,Name and Time,UserMeta / time,79,15,10.6 - Memories - For You - Comment Pop up 5,UserMeta
1744:67695,Name and Title,UserMeta / title,79,15,10.6 - Memories - For You - Comment Pop up 5,UserMeta
1744:67699,Name and Title,UserMeta / title,33,19,10.6 - Memories - For You - Comment Pop up 5,UserMeta
1744:67765,Name and Title,UserMeta / title,99,34,10.7 - Memories - For You - Comment Pop up 6,UserMeta
1744:67790,Name and Title,UserMeta / title,57,38,10.7 - Memories - For You - Comment Pop up 6,UserMeta
1744:67797,Name and Title,UserMeta / title,57,19,10.7 - Memories - For You - Comment Pop up 6,UserMeta
1744:67804,Name and Title,UserMeta / title,57,38,10.7 - Memories - For You - Comment Pop up 6,UserMeta
1744:67822,Name and Time,UserMeta / time,112,22,10.7 - Memories - For You - Comment Pop up 6,UserMeta
1744:67823,Name and Title,UserMeta / title,85,22,10.7 - Memories - For You - Comment Pop up 6,UserMeta
1744:67825,Name and Title,UserMeta / title,19,22,10.7 - Memories - For You - Comment Pop up 6,UserMeta
1744:67827,Name and Time,UserMeta / time,85,19,10.7 - Memories - For You - Comment Pop up 6,UserMeta
1744:67828,Name and Title,UserMeta / title,85,19,10.7 - Memories - For You - Comment Pop up 6,UserMeta
1744:67832,Name and Title,UserMeta / title,33,19,10.7 - Memories - For You - Comment Pop up 6,UserMeta
1744:67848,Name and Time,UserMeta / time,98,22,10.7 - Memories - For You - Comment Pop up 6,UserMeta
1744:67849,Name and Title,UserMeta / title,75,22,10.7 - Memories - For You - Comment Pop up 6,UserMeta
1744:67851,Name and Title,UserMeta / title,15,22,10.7 - Memories - For You - Comment Pop up 6,UserMeta
1744:67853,Name and Time,UserMeta / time,61,19,10.7 - Memories - For You - Comment Pop up 6,UserMeta
1744:67854,Name and Title,UserMeta / title,61,19,10.7 - Memories - For You - Comment Pop up 6,UserMeta
1744:67858,Name and Title,UserMeta / title,33,19,10.7 - Memories - For You - Comment Pop up 6,UserMeta
1744:67861,Name and Title,UserMeta / title,275,15,10.7 - Memories - For You - Comment Pop up 6,UserMeta
1744:67876,Name and Time,UserMeta / time,110,22,10.7 - Memories - For You - Comment Pop up 6,UserMeta
1744:67877,Name and Title,UserMeta / title,87,17,10.7 - Memories - For You - Comment Pop up 6,UserMeta
1744:67879,Name and Title,UserMeta / title,15,22,10.7 - Memories - For You - Comment Pop up 6,UserMeta
1744:67881,Name and Time,UserMeta / time,75,19,10.7 - Memories - For You - Comment Pop up 6,UserMeta
1744:67882,Name and Title,UserMeta / title,75,19,10.7 - Memories - For You - Comment Pop up 6,UserMeta
1744:67896,Name and Time,UserMeta / time,88,22,10.7 - Memories - For You - Comment Pop up 6,UserMeta
1744:67897,Name and Title,UserMeta / title,65,17,10.7 - Memories - For You - Comment Pop up 6,UserMeta
1744:67899,Name and Title,UserMeta / title,15,22,10.7 - Memories - For You - Comment Pop up 6,UserMeta
1744:67901,Name and Time,UserMeta / time,61,19,10.7 - Memories - For You - Comment Pop up 6,UserMeta
1744:67902,Name and Title,UserMeta / title,61,19,10.7 - Memories - For You - Comment Pop up 6,UserMeta
1744:67916,Name and Time,UserMeta / time,110,22,10.7 - Memories - For You - Comment Pop up 6,UserMeta
1744:67917,Name and Title,UserMeta / title,87,17,10.7 - Memories - For You - Comment Pop up 6,UserMeta
1744:67919,Name and Title,UserMeta / title,15,22,10.7 - Memories - For You - Comment Pop up 6,UserMeta
1744:67921,Name and Time,UserMeta / time,75,19,10.7 - Memories - For You - Comment Pop up 6,UserMeta
1744:67922,Name and Title,UserMeta / title,75,19,10.7 - Memories - For You - Comment Pop up 6,UserMeta
1744:67936,Name and Time,UserMeta / time,127,22,10.7 - Memories - For You - Comment Pop up 6,UserMeta
1744:67937,Name and Title,UserMeta / title,102,22,10.7 - Memories - For You - Comment Pop up 6,UserMeta
1744:67939,Name and Title,UserMeta / title,17,22,10.7 - Memories - For You - Comment Pop up 6,UserMeta
1744:67941,Name and Time,UserMeta / time,75,19,10.7 - Memories - For You - Comment Pop up 6,UserMeta
1744:67942,Name and Title,UserMeta / title,75,19,10.7 - Memories - For You - Comment Pop up 6,UserMeta
1744:67946,Name and Title,UserMeta / title,33,19,10.7 - Memories - For You - Comment Pop up 6,UserMeta
1744:67960,Name and Time,UserMeta / time,127,22,10.7 - Memories - For You - Comment Pop up 6,UserMeta
1744:67961,Name and Title,UserMeta / title,101,22,10.7 - Memories - For You - Comment Pop up 6,UserMeta
1744:67963,Name and Title,UserMeta / title,18,22,10.7 - Memories - For You - Comment Pop up 6,UserMeta
1744:67965,Name and Time,UserMeta / time,79,15,10.7 - Memories - For You - Comment Pop up 6,UserMeta
1744:67966,Name and Title,UserMeta / title,79,15,10.7 - Memories - For You - Comment Pop up 6,UserMeta
1744:67970,Name and Title,UserMeta / title,33,19,10.7 - Memories - For You - Comment Pop up 6,UserMeta
1744:68036,Name and Title,UserMeta / title,99,34,10.8 - Memories - For You - Comment Pop up 7,UserMeta
1744:68061,Name and Title,UserMeta / title,57,38,10.8 - Memories - For You - Comment Pop up 7,UserMeta
1744:68068,Name and Title,UserMeta / title,57,19,10.8 - Memories - For You - Comment Pop up 7,UserMeta
1744:68075,Name and Title,UserMeta / title,57,38,10.8 - Memories - For You - Comment Pop up 7,UserMeta
1744:68093,Name and Time,UserMeta / time,112,22,10.8 - Memories - For You - Comment Pop up 7,UserMeta
1744:68094,Name and Title,UserMeta / title,85,22,10.8 - Memories - For You - Comment Pop up 7,UserMeta
1744:68096,Name and Title,UserMeta / title,19,22,10.8 - Memories - For You - Comment Pop up 7,UserMeta
1744:68098,Name and Time,UserMeta / time,85,19,10.8 - Memories - For You - Comment Pop up 7,UserMeta
1744:68099,Name and Title,UserMeta / title,85,19,10.8 - Memories - For You - Comment Pop up 7,UserMeta
1744:68103,Name and Title,UserMeta / title,33,19,10.8 - Memories - For You - Comment Pop up 7,UserMeta
1744:68119,Name and Time,UserMeta / time,98,22,10.8 - Memories - For You - Comment Pop up 7,UserMeta
1744:68120,Name and Title,UserMeta / title,75,22,10.8 - Memories - For You - Comment Pop up 7,UserMeta
1744:68122,Name and Title,UserMeta / title,15,22,10.8 - Memories - For You - Comment Pop up 7,UserMeta
1744:68124,Name and Time,UserMeta / time,61,19,10.8 - Memories - For You - Comment Pop up 7,UserMeta
1744:68125,Name and Title,UserMeta / title,61,19,10.8 - Memories - For You - Comment Pop up 7,UserMeta
1744:68129,Name and Title,UserMeta / title,33,19,10.8 - Memories - For You - Comment Pop up 7,UserMeta
1744:68132,Name and Title,UserMeta / title,275,15,10.8 - Memories - For You - Comment Pop up 7,UserMeta
1744:68147,Name and Time,UserMeta / time,114,22,10.8 - Memories - For You - Comment Pop up 7,UserMeta
1744:68148,Name and Title,UserMeta / title,91,19,10.8 - Memories - For You - Comment Pop up 7,UserMeta
1744:68150,Name and Title,UserMeta / title,15,22,10.8 - Memories - For You - Comment Pop up 7,UserMeta
1744:68152,Name and Time,UserMeta / time,93,15,10.8 - Memories - For You - Comment Pop up 7,UserMeta
1744:68153,Name and Title,UserMeta / title,93,15,10.8 - Memories - For You - Comment Pop up 7,UserMeta
1744:68167,Name and Time,UserMeta / time,88,22,10.8 - Memories - For You - Comment Pop up 7,UserMeta
1744:68168,Name and Title,UserMeta / title,65,19,10.8 - Memories - For You - Comment Pop up 7,UserMeta
1744:68170,Name and Title,UserMeta / title,15,22,10.8 - Memories - For You - Comment Pop up 7,UserMeta
1744:68172,Name and Time,UserMeta / time,67,15,10.8 - Memories - For You - Comment Pop up 7,UserMeta
1744:68173,Name and Title,UserMeta / title,67,15,10.8 - Memories - For You - Comment Pop up 7,UserMeta
1744:68187,Name and Time,UserMeta / time,114,22,10.8 - Memories - For You - Comment Pop up 7,UserMeta
1744:68188,Name and Title,UserMeta / title,91,19,10.8 - Memories - For You - Comment Pop up 7,UserMeta
1744:68190,Name and Title,UserMeta / title,15,22,10.8 - Memories - For You - Comment Pop up 7,UserMeta
1744:68192,Name and Time,UserMeta / time,93,15,10.8 - Memories - For You - Comment Pop up 7,UserMeta
1744:68193,Name and Title,UserMeta / title,93,15,10.8 - Memories - For You - Comment Pop up 7,UserMeta
1744:68207,Name and Time,UserMeta / time,129,22,10.8 - Memories - For You - Comment Pop up 7,UserMeta
1744:68208,Name and Title,UserMeta / title,104,22,10.8 - Memories - For You - Comment Pop up 7,UserMeta
1744:68210,Name and Title,UserMeta / title,17,22,10.8 - Memories - For You - Comment Pop up 7,UserMeta
1744:68212,Name and Time,UserMeta / time,93,15,10.8 - Memories - For You - Comment Pop up 7,UserMeta
1744:68213,Name and Title,UserMeta / title,93,15,10.8 - Memories - For You - Comment Pop up 7,UserMeta
1744:68217,Name and Title,UserMeta / title,33,19,10.8 - Memories - For You - Comment Pop up 7,UserMeta
1744:68231,Name and Time,UserMeta / time,127,22,10.8 - Memories - For You - Comment Pop up 7,UserMeta
1744:68232,Name and Title,UserMeta / title,101,22,10.8 - Memories - For You - Comment Pop up 7,UserMeta
1744:68234,Name and Title,UserMeta / title,18,22,10.8 - Memories - For You - Comment Pop up 7,UserMeta
1744:68236,Name and Time,UserMeta / time,79,15,10.8 - Memories - For You - Comment Pop up 7,UserMeta
1744:68237,Name and Title,UserMeta / title,79,15,10.8 - Memories - For You - Comment Pop up 7,UserMeta
1744:68241,Name and Title,UserMeta / title,33,19,10.8 - Memories - For You - Comment Pop up 7,UserMeta
1744:68317,Name and Title,UserMeta / title,99,34,10.3 - Memories - For You - Comment Pop up 2,UserMeta
1744:68342,Name and Title,UserMeta / title,57,38,10.3 - Memories - For You - Comment Pop up 2,UserMeta
1744:68349,Name and Title,UserMeta / title,57,19,10.3 - Memories - For You - Comment Pop up 2,UserMeta
1744:68356,Name and Title,UserMeta / title,57,38,10.3 - Memories - For You - Comment Pop up 2,UserMeta
1744:68375,Name and Time,UserMeta / time,98,22,10.3 - Memories - For You - Comment Pop up 2,UserMeta
1744:68376,Name and Title,UserMeta / title,75,22,10.3 - Memories - For You - Comment Pop up 2,UserMeta
1744:68378,Name and Title,UserMeta / title,15,22,10.3 - Memories - For You - Comment Pop up 2,UserMeta
1744:68380,Name and Time,UserMeta / time,61,19,10.3 - Memories - For You - Comment Pop up 2,UserMeta
1744:68381,Name and Title,UserMeta / title,61,19,10.3 - Memories - For You - Comment Pop up 2,UserMeta
1744:68385,Name and Title,UserMeta / title,33,19,10.3 - Memories - For You - Comment Pop up 2,UserMeta
1744:68388,Name and Title,UserMeta / title,275,15,10.3 - Memories - For You - Comment Pop up 2,UserMeta
1744:68403,Name and Time,UserMeta / time,127,22,10.3 - Memories - For You - Comment Pop up 2,UserMeta
1744:68404,Name and Title,UserMeta / title,102,22,10.3 - Memories - For You - Comment Pop up 2,UserMeta
1744:68406,Name and Title,UserMeta / title,17,22,10.3 - Memories - For You - Comment Pop up 2,UserMeta
1744:68408,Name and Time,UserMeta / time,75,19,10.3 - Memories - For You - Comment Pop up 2,UserMeta
1744:68409,Name and Title,UserMeta / title,75,19,10.3 - Memories - For You - Comment Pop up 2,UserMeta
1744:68413,Name and Title,UserMeta / title,33,19,10.3 - Memories - For You - Comment Pop up 2,UserMeta
1744:68427,Name and Time,UserMeta / time,127,22,10.3 - Memories - For You - Comment Pop up 2,UserMeta
1744:68428,Name and Title,UserMeta / title,101,22,10.3 - Memories - For You - Comment Pop up 2,UserMeta
1744:68430,Name and Title,UserMeta / title,18,22,10.3 - Memories - For You - Comment Pop up 2,UserMeta
1744:68432,Name and Time,UserMeta / time,79,19,10.3 - Memories - For You - Comment Pop up 2,UserMeta
1744:68433,Name and Title,UserMeta / title,79,19,10.3 - Memories - For You - Comment Pop up 2,UserMeta
1744:68437,Name and Title,UserMeta / title,33,19,10.3 - Memories - For You - Comment Pop up 2,UserMeta
1744:68505,Name and Title,UserMeta / title,99,34,10.4 - Memories - For You - Comment Pop up 3,UserMeta
1744:68530,Name and Title,UserMeta / title,57,38,10.4 - Memories - For You - Comment Pop up 3,UserMeta
1744:68537,Name and Title,UserMeta / title,57,19,10.4 - Memories - For You - Comment Pop up 3,UserMeta
1744:68544,Name and Title,UserMeta / title,57,38,10.4 - Memories - For You - Comment Pop up 3,UserMeta
1744:68563,Name and Time,UserMeta / time,98,22,10.4 - Memories - For You - Comment Pop up 3,UserMeta
1744:68564,Name and Title,UserMeta / title,75,22,10.4 - Memories - For You - Comment Pop up 3,UserMeta
1744:68566,Name and Title,UserMeta / title,15,22,10.4 - Memories - For You - Comment Pop up 3,UserMeta
1744:68568,Name and Time,UserMeta / time,61,19,10.4 - Memories - For You - Comment Pop up 3,UserMeta
1744:68569,Name and Title,UserMeta / title,61,19,10.4 - Memories - For You - Comment Pop up 3,UserMeta
1744:68573,Name and Title,UserMeta / title,33,19,10.4 - Memories - For You - Comment Pop up 3,UserMeta
1744:68576,Name and Title,UserMeta / title,275,15,10.4 - Memories - For You - Comment Pop up 3,UserMeta
1744:68591,Name and Time,UserMeta / time,127,22,10.4 - Memories - For You - Comment Pop up 3,UserMeta
1744:68592,Name and Title,UserMeta / title,102,22,10.4 - Memories - For You - Comment Pop up 3,UserMeta
1744:68594,Name and Title,UserMeta / title,17,22,10.4 - Memories - For You - Comment Pop up 3,UserMeta
1744:68596,Name and Time,UserMeta / time,75,19,10.4 - Memories - For You - Comment Pop up 3,UserMeta
1744:68597,Name and Title,UserMeta / title,75,19,10.4 - Memories - For You - Comment Pop up 3,UserMeta
1744:68601,Name and Title,UserMeta / title,33,19,10.4 - Memories - For You - Comment Pop up 3,UserMeta
1744:68615,Name and Time,UserMeta / time,127,22,10.4 - Memories - For You - Comment Pop up 3,UserMeta
1744:68616,Name and Title,UserMeta / title,101,22,10.4 - Memories - For You - Comment Pop up 3,UserMeta
1744:68618,Name and Title,UserMeta / title,18,22,10.4 - Memories - For You - Comment Pop up 3,UserMeta
1744:68620,Name and Time,UserMeta / time,79,19,10.4 - Memories - For You - Comment Pop up 3,UserMeta
1744:68621,Name and Title,UserMeta / title,79,19,10.4 - Memories - For You - Comment Pop up 3,UserMeta
1744:68625,Name and Title,UserMeta / title,33,19,10.4 - Memories - For You - Comment Pop up 3,UserMeta
1744:68693,Name and Title,UserMeta / title,99,34,10.1 - Memories - For You,UserMeta
1744:68716,Name and Title,UserMeta / title,57,38,10.1 - Memories - For You,UserMeta
1744:68723,Name and Title,UserMeta / title,57,19,10.1 - Memories - For You,UserMeta
1744:68730,Name and Title,UserMeta / title,57,38,10.1 - Memories - For You,UserMeta
1744:68991,Name and Title,UserMeta / title,218,43,15.2 - Clubs - Search Open,UserMeta
1744:68992,Name and Tag,UserMeta / tag,100,22,15.2 - Clubs - Search Open,UserMeta
1744:69009,Name and Title,UserMeta / title,218,39,15.2 - Clubs - Search Open,UserMeta
1744:69010,Name and Tag,UserMeta / tag,121,22,15.2 - Clubs - Search Open,UserMeta
1744:69025,Name and Title,UserMeta / title,122,39,15.2 - Clubs - Search Open,UserMeta
1744:69026,Name and Tag,UserMeta / tag,122,22,15.2 - Clubs - Search Open,UserMeta
1744:69048,Name and Title,UserMeta / title,203,39,15.2 - Clubs - Search Open,UserMeta
1744:69049,Name and Tag,UserMeta / tag,124,22,15.2 - Clubs - Search Open,UserMeta
1744:69071,Name and Title,UserMeta / title,207,39,15.2 - Clubs - Search Open,UserMeta
1744:69072,Name and Tag,UserMeta / tag,135,22,15.2 - Clubs - Search Open,UserMeta
1744:69092,Name and Title,UserMeta / title,207,39,15.2 - Clubs - Search Open,UserMeta
1744:69093,Name and Tag,UserMeta / tag,121,22,15.2 - Clubs - Search Open,UserMeta
1744:69176,Name and Title,UserMeta / title,218,43,15.3 - Clubs - Search Open - Keyboard Open,UserMeta
1744:69177,Name and Tag,UserMeta / tag,100,22,15.3 - Clubs - Search Open - Keyboard Open,UserMeta
1744:69192,Name and Title,UserMeta / title,155,39,15.3 - Clubs - Search Open - Keyboard Open,UserMeta
1744:69193,Name and Tag,UserMeta / tag,155,22,15.3 - Clubs - Search Open - Keyboard Open,UserMeta
1744:69215,Name and Title,UserMeta / title,207,39,15.3 - Clubs - Search Open - Keyboard Open,UserMeta
1744:69216,Name and Tag,UserMeta / tag,142,22,15.3 - Clubs - Search Open - Keyboard Open,UserMeta
1744:69236,Name and Title,UserMeta / title,207,39,15.3 - Clubs - Search Open - Keyboard Open,UserMeta
1744:69237,Name and Tag,UserMeta / tag,121,22,15.3 - Clubs - Search Open - Keyboard Open,UserMeta
1744:69265,Name and Title,UserMeta / title,211,84,15.4 - Clubs - User Details,UserMeta
1744:69266,Name and Title,UserMeta / title,211,61,15.4 - Clubs - User Details,UserMeta
1744:69539,Name and Title,UserMeta / title,218,43,15.1 - Clubs,UserMeta
1744:69540,Name and Tag,UserMeta / tag,100,22,15.1 - Clubs,UserMeta
1744:69557,Name and Title,UserMeta / title,218,39,15.1 - Clubs,UserMeta
1744:69558,Name and Tag,UserMeta / tag,121,22,15.1 - Clubs,UserMeta
1744:69573,Name and Title,UserMeta / title,122,39,15.1 - Clubs,UserMeta
1744:69574,Name and Tag,UserMeta / tag,122,22,15.1 - Clubs,UserMeta
1744:69596,Name and Title,UserMeta / title,203,39,15.1 - Clubs,UserMeta
1744:69597,Name and Tag,UserMeta / tag,124,22,15.1 - Clubs,UserMeta
1744:69619,Name and Title,UserMeta / title,207,39,15.1 - Clubs,UserMeta
1744:69620,Name and Tag,UserMeta / tag,135,22,15.1 - Clubs,UserMeta
1744:69640,Name and Title,UserMeta / title,207,39,15.1 - Clubs,UserMeta
1744:69641,Name and Tag,UserMeta / tag,121,22,15.1 - Clubs,UserMeta
1744:72943,Name and Title,UserMeta / title,99,34,10.1 - Memories - For You,UserMeta
1744:72966,Name and Title,UserMeta / title,57,38,10.1 - Memories - For You,UserMeta
1744:72973,Name and Title,UserMeta / title,57,19,10.1 - Memories - For You,UserMeta
1744:72980,Name and Title,UserMeta / title,57,38,10.1 - Memories - For You,UserMeta
1744:73799,Name and Time,UserMeta / time,233,19,14.2 - Chat - Group,UserMeta
1744:73811,Name and Time,UserMeta / time,236,19,14.2 - Chat - Group,UserMeta
1744:73823,Name and Time,UserMeta / time,271,19,14.2 - Chat - Group,UserMeta
1744:73835,Name and Time,UserMeta / time,245,19,14.2 - Chat - Group,UserMeta
1744:73856,Name and Time,UserMeta / time,313,19,14.2 - Chat - Group,UserMeta
1744:73912,Name and Time,UserMeta / time,233,19,14.12 - Chat - Event Chat,UserMeta
1744:73924,Name and Time,UserMeta / time,236,19,14.12 - Chat - Event Chat,UserMeta
1744:73936,Name and Time,UserMeta / time,271,19,14.12 - Chat - Event Chat,UserMeta
1744:73948,Name and Time,UserMeta / time,245,19,14.12 - Chat - Event Chat,UserMeta
1744:73969,Name and Time,UserMeta / time,313,19,14.12 - Chat - Event Chat,UserMeta
1744:74014,Name and Time,UserMeta / time,233,19,14.3 - Chat - Group,UserMeta
1744:74026,Name and Time,UserMeta / time,236,19,14.3 - Chat - Group,UserMeta
1744:74038,Name and Time,UserMeta / time,271,19,14.3 - Chat - Group,UserMeta
1744:74050,Name and Time,UserMeta / time,245,19,14.3 - Chat - Group,UserMeta
1744:74071,Name and Time,UserMeta / time,313,19,14.3 - Chat - Group,UserMeta
1744:74116,Name and Time,UserMeta / time,233,19,14.5 - Chat - Group - Reaction Added,UserMeta
1744:74128,Name and Time,UserMeta / time,236,19,14.5 - Chat - Group - Reaction Added,UserMeta
1744:74140,Name and Time,UserMeta / time,271,19,14.5 - Chat - Group - Reaction Added,UserMeta
1744:74152,Name and Time,UserMeta / time,245,19,14.5 - Chat - Group - Reaction Added,UserMeta
1744:74176,Name and Time,UserMeta / time,313,19,14.5 - Chat - Group - Reaction Added,UserMeta
1744:74221,Name and Time,UserMeta / time,233,19,14.6 - Chat - Group - Reply,UserMeta
1744:74233,Name and Time,UserMeta / time,236,19,14.6 - Chat - Group - Reply,UserMeta
1744:74245,Name and Time,UserMeta / time,271,19,14.6 - Chat - Group - Reply,UserMeta
1744:74257,Name and Time,UserMeta / time,245,19,14.6 - Chat - Group - Reply,UserMeta
1744:74281,Name and Time,UserMeta / time,313,19,14.6 - Chat - Group - Reply,UserMeta
1744:74326,Name and Time,UserMeta / time,64,19,14.7 - Chat - Group - Reply Sent,UserMeta
1744:74333,Name and Time,UserMeta / time,75,19,14.7 - Chat - Group - Reply Sent,UserMeta
1744:74340,Name and Time,UserMeta / time,79,19,14.7 - Chat - Group - Reply Sent,UserMeta
1744:74347,Name and Time,UserMeta / time,73,19,14.7 - Chat - Group - Reply Sent,UserMeta
1744:74364,Name and Time,UserMeta / time,225,19,14.7 - Chat - Group - Reply Sent,UserMeta
1744:74376,Name and Time,UserMeta / time,228,19,14.7 - Chat - Group - Reply Sent,UserMeta
1744:74388,Name and Time,UserMeta / time,271,19,14.7 - Chat - Group - Reply Sent,UserMeta
1744:74400,Name and Time,UserMeta / time,245,19,14.7 - Chat - Group - Reply Sent,UserMeta
1744:74424,Name and Time,UserMeta / time,313,19,14.7 - Chat - Group - Reply Sent,UserMeta
1744:74470,Name and Time,UserMeta / time,225,19,14.4 - Chat - Group - Add Reaction,UserMeta
1744:74482,Name and Time,UserMeta / time,228,19,14.4 - Chat - Group - Add Reaction,UserMeta
1744:74494,Name and Time,UserMeta / time,263,19,14.4 - Chat - Group - Add Reaction,UserMeta
1744:74506,Name and Time,UserMeta / time,237,19,14.4 - Chat - Group - Add Reaction,UserMeta
1744:74527,Name and Time,UserMeta / time,313,19,14.4 - Chat - Group - Add Reaction,UserMeta
1744:69725,Search and Compose,ChatComposer,361,36,14.1 - Chat,Search/Compose
1744:69933,Search and Compose,ChatComposer,361,36,14.8 - Chat - Shimmer Loading,Search/Compose
1744:69966,Search and Compose,ChatComposer,361,36,14.11 - Chat - Club Collapsed,Search/Compose
1744:70174,Search and Compose,ChatComposer,361,36,14.13 - Chat - Club + Events Collapsed,Search/Compose
1744:70382,Search and Compose,ChatComposer,361,36,14.14 - Chat - Club + Events + DM&#39;s Collapsed,Search/Compose
1744:75028,Search Container,SearchField / full,393,36,16.4 - Create Event - Who&#39;s Going Pop Up,Search/Compose
1744:76788,Search Container,SearchField / full,393,36,16.14 - Create Event - Who&#39;s Going Pop Up,Search/Compose
1744:80194,Search Container,SearchField / full,393,36,12.6 - AI Assist Page - Create Event - Edit Event Details - Add User Pop Up,Search/Compose
1744:66940,Title and Desc,SectionHeader,361,132,3.1 - Permission Required Page,Layout patterns
1744:66969,Title and Desc,SectionHeader,361,132,3.2 - Permission Required Page,Layout patterns
1744:66998,Title and Desc,SectionHeader,361,66,2.3 - Verify Phone Number - Default,Layout patterns
1744:67015,Title and Desc,SectionHeader,361,66,2.1 - Join with Phone Number - Default,Layout patterns
1744:67033,Title and Desc,SectionHeader,361,66,2.4- Verify Phone Number - Filled,Layout patterns
1744:67050,Title and Desc,SectionHeader,361,66,2.5 - Verify Phone Number - Default,Layout patterns
1744:67080,Title and Desc,SectionHeader,361,66,2.2 - Join with Phone Number - Filled,Layout patterns
1744:67098,Title and Desc,SectionHeader,222,75,1 - Splash Screen,Layout patterns
1744:67179,Member Row,ListRow / member,393,99,10.2 - Memories - For You - Comment Pop up 1,Layout patterns
1744:67365,Member Row,ListRow / member,393,99,10.5 - Memories - For You - Comment Pop up 4,Layout patterns
1744:67574,Member Row,ListRow / member,393,99,10.6 - Memories - For You - Comment Pop up 5,Layout patterns
1744:67784,Member Row,ListRow / member,393,99,10.7 - Memories - For You - Comment Pop up 6,Layout patterns
1744:68055,Member Row,ListRow / member,393,99,10.8 - Memories - For You - Comment Pop up 7,Layout patterns
1744:68336,Member Row,ListRow / member,393,99,10.3 - Memories - For You - Comment Pop up 2,Layout patterns
1744:68524,Member Row,ListRow / member,393,99,10.4 - Memories - For You - Comment Pop up 3,Layout patterns
1744:68710,Member Row,ListRow / member,393,99,10.1 - Memories - For You,Layout patterns
1744:71678,List Menu,SettingsRow,329,63,18.8 - Club Details - Admin - Manage Club,Layout patterns
1744:71685,List Menu,SettingsRow,329,63,18.8 - Club Details - Admin - Manage Club,Layout patterns
1744:72473,List Menu,SettingsRow,329,63,17.1 - Profile,Layout patterns
1744:72480,List Menu,SettingsRow,329,63,17.1 - Profile,Layout patterns
1744:72487,List Menu,SettingsRow,329,63,17.1 - Profile,Layout patterns
1744:72494,List Menu,SettingsRow,329,63,17.1 - Profile,Layout patterns
1744:72514,Notification Block,NotificationRow,393,73,18.14 - Notifications List - User Removed From Club,Layout patterns
1744:72523,Notification Block,NotificationRow,393,55,18.14 - Notifications List - User Removed From Club,Layout patterns
1744:72535,Notification Block,NotificationRow,393,55,18.14 - Notifications List - User Removed From Club,Layout patterns
1744:72536,Notification Block,NotificationRow,393,55,18.14 - Notifications List - User Removed From Club,Layout patterns
1744:72545,Notification Block,NotificationRow,393,55,18.14 - Notifications List - User Removed From Club,Layout patterns
1744:72555,Notification Block,NotificationRow,393,73,18.14 - Notifications List - User Removed From Club,Layout patterns
1744:72566,Notification Block,NotificationRow,393,55,18.14 - Notifications List - User Removed From Club,Layout patterns
1744:72574,Notification Block,NotificationRow,393,55,18.14 - Notifications List - User Removed From Club,Layout patterns
1744:72585,Notification Block,NotificationRow,393,73,18.14 - Notifications List - User Removed From Club,Layout patterns
1744:72594,Notification Block,NotificationRow,393,77,18.14 - Notifications List - User Removed From Club,Layout patterns
1744:72602,Notification Block,NotificationRow,393,76,18.14 - Notifications List - User Removed From Club,Layout patterns
1744:72625,Notification Block,NotificationRow,393,73,18.15 - Notifications List - User Removed From Club - Pop Up Info,Layout patterns
1744:72634,Notification Block,NotificationRow,393,55,18.15 - Notifications List - User Removed From Club - Pop Up Info,Layout patterns
1744:72646,Notification Block,NotificationRow,393,55,18.15 - Notifications List - User Removed From Club - Pop Up Info,Layout patterns
1744:72647,Notification Block,NotificationRow,393,55,18.15 - Notifications List - User Removed From Club - Pop Up Info,Layout patterns
1744:72656,Notification Block,NotificationRow,393,55,18.15 - Notifications List - User Removed From Club - Pop Up Info,Layout patterns
1744:72666,Notification Block,NotificationRow,393,73,18.15 - Notifications List - User Removed From Club - Pop Up Info,Layout patterns
1744:72677,Notification Block,NotificationRow,393,55,18.15 - Notifications List - User Removed From Club - Pop Up Info,Layout patterns
1744:72685,Notification Block,NotificationRow,393,55,18.15 - Notifications List - User Removed From Club - Pop Up Info,Layout patterns
1744:72696,Notification Block,NotificationRow,393,73,18.15 - Notifications List - User Removed From Club - Pop Up Info,Layout patterns
1744:72705,Notification Block,NotificationRow,393,77,18.15 - Notifications List - User Removed From Club - Pop Up Info,Layout patterns
1744:72713,Notification Block,NotificationRow,393,76,18.15 - Notifications List - User Removed From Club - Pop Up Info,Layout patterns
1744:72960,Member Row,ListRow / member,393,99,10.1 - Memories - For You,Layout patterns
1744:73027,Member Row,ListRow / member,393,85,10.9 - Memories - For You - Shimmer Loading,Layout patterns
1744:73305,Title and Desc,SectionHeader,191,48,20 - App Update Page,Layout patterns
1744:73326,Title and Desc,SectionHeader,271,59,20 - App Update Page,Layout patterns
1744:73333,Title and Desc,SectionHeader,253,59,20 - App Update Page,Layout patterns
1744:73340,Title and Desc,SectionHeader,233,59,20 - App Update Page,Layout patterns
1744:73357,Title and Desc,SectionHeader,248,59,20 - App Update Page,Layout patterns
1744:73587,Table cell,ListRow / detailed,361,72,9.1 - Park and Playground Details Page - As Host,Layout patterns
1744:73596,Table cell,ListRow / detailed,361,72,9.1 - Park and Playground Details Page - As Host,Layout patterns
1744:73605,Table cell,ListRow / detailed,361,72,9.1 - Park and Playground Details Page - As Host,Layout patterns
1744:73614,Table cell,ListRow / detailed,361,72,9.1 - Park and Playground Details Page - As Host,Layout patterns
1744:73623,Table cell,ListRow / detailed,361,72,9.1 - Park and Playground Details Page - As Host,Layout patterns
1744:73639,Table cell,ListRow / detailed,361,72,9.1 - Park and Playground Details Page - As Host,Layout patterns
1744:73645,Table cell,ListRow / detailed,361,72,9.1 - Park and Playground Details Page - As Host,Layout patterns
1744:73723,Table cell,ListRow / detailed,361,72,9.2 - Park and Playground Details Page - Past Events,Layout patterns
1744:73729,Table cell,ListRow / detailed,361,72,9.2 - Park and Playground Details Page - Past Events,Layout patterns
1744:73735,Table cell,ListRow / detailed,361,72,9.2 - Park and Playground Details Page - Past Events,Layout patterns
1744:73741,Table cell,ListRow / detailed,361,72,9.2 - Park and Playground Details Page - Past Events,Layout patterns
1744:73747,Table cell,ListRow / detailed,361,72,9.2 - Park and Playground Details Page - Past Events,Layout patterns
1744:73753,Table cell,ListRow / detailed,361,72,9.2 - Park and Playground Details Page - Past Events,Layout patterns
1744:73759,Table cell,ListRow / detailed,361,72,9.2 - Park and Playground Details Page - Past Events,Layout patterns
1744:75602,Title and Desc,SectionHeader,255,45,16.8 - Create Event - Invite Sent + Preview,Layout patterns
1744:75785,Title and Desc,SectionHeader,255,61,13.10 - AI Assist Page - Create Club - Invite Sent + Preview,Layout patterns
1744:76878,Title and Desc,SectionHeader,361,154,4.1 - Details Information - Default,Layout patterns
1744:76915,Title and Desc,SectionHeader,361,154,4.2 - Details Information - Filled,Layout patterns
1744:76952,Title and Desc,SectionHeader,361,96,4.16 - Select Kids Groups - Default,Layout patterns
1744:77019,Title and Desc,SectionHeader,361,118,4.3 - Add Kids - Empty State,Layout patterns
1744:77024,Empty State Content,EmptyState,361,161,4.3 - Add Kids - Empty State,Layout patterns
1744:77027,Title and Desc,SectionHeader,260,89,4.3 - Add Kids - Empty State,Layout patterns
1744:77058,Title and Desc,SectionHeader,361,118,4.14 - Add Kids - Filled,Layout patterns
1744:77106,Title and Desc,SectionHeader,361,118,4.15 - Add Kids - Full Spot,Layout patterns
1744:77206,Title and Desc,SectionHeader,361,118,4.4 - Add Kids - Pop Up - 1,Layout patterns
1744:77211,Empty State Content,EmptyState,361,161,4.4 - Add Kids - Pop Up - 1,Layout patterns
1744:77214,Title and Desc,SectionHeader,260,89,4.4 - Add Kids - Pop Up - 1,Layout patterns
1744:77285,Title and Desc,SectionHeader,361,118,4.5 - Add Kids - Pop Up - 2,Layout patterns
1744:77290,Empty State Content,EmptyState,361,161,4.5 - Add Kids - Pop Up - 2,Layout patterns
1744:77293,Title and Desc,SectionHeader,260,89,4.5 - Add Kids - Pop Up - 2,Layout patterns
1744:77364,Title and Desc,SectionHeader,361,118,4.6 - Add Kids - Pop Up - 3,Layout patterns
1744:77369,Empty State Content,EmptyState,361,161,4.6 - Add Kids - Pop Up - 3,Layout patterns
1744:77372,Title and Desc,SectionHeader,260,89,4.6 - Add Kids - Pop Up - 3,Layout patterns
1744:77443,Title and Desc,SectionHeader,361,118,4.7 - Add Kids - Pop Up - 4,Layout patterns
1744:77448,Empty State Content,EmptyState,361,161,4.7 - Add Kids - Pop Up - 4,Layout patterns
1744:77451,Title and Desc,SectionHeader,260,89,4.7 - Add Kids - Pop Up - 4,Layout patterns
1744:77549,Title and Desc,SectionHeader,361,118,4.8 - Add Kids - Pop Up - 5,Layout patterns
1744:77554,Empty State Content,EmptyState,361,161,4.8 - Add Kids - Pop Up - 5,Layout patterns
1744:77557,Title and Desc,SectionHeader,260,89,4.8 - Add Kids - Pop Up - 5,Layout patterns
1744:77682,Title and Desc,SectionHeader,361,118,4.9 - Add Kids - Pop Up - 6,Layout patterns
1744:77687,Empty State Content,EmptyState,361,161,4.9 - Add Kids - Pop Up - 6,Layout patterns
1744:77690,Title and Desc,SectionHeader,260,89,4.9 - Add Kids - Pop Up - 6,Layout patterns
1744:77829,Title and Desc,SectionHeader,361,118,4.10 - Add Kids - Pop Up - 7,Layout patterns
1744:77834,Empty State Content,EmptyState,361,161,4.10 - Add Kids - Pop Up - 7,Layout patterns
1744:77837,Title and Desc,SectionHeader,260,89,4.10 - Add Kids - Pop Up - 7,Layout patterns
1744:77908,Title and Desc,SectionHeader,361,118,4.11 - Add Kids - Pop Up - 8,Layout patterns
1744:77913,Empty State Content,EmptyState,361,161,4.11 - Add Kids - Pop Up - 8,Layout patterns
1744:77916,Title and Desc,SectionHeader,260,89,4.11 - Add Kids - Pop Up - 8,Layout patterns
1744:77987,Title and Desc,SectionHeader,361,118,4.13 - Add Kids - Pop Up - 9,Layout patterns
1744:77992,Empty State Content,EmptyState,361,161,4.13 - Add Kids - Pop Up - 9,Layout patterns
1744:77995,Title and Desc,SectionHeader,260,89,4.13 - Add Kids - Pop Up - 9,Layout patterns
1744:78065,Title and Desc,SectionHeader,361,96,4.17 - Select Kids Groups - Dropdown,Layout patterns
1744:78161,Title and Desc,SectionHeader,361,96,4.18 - Select Kids Groups - Selected,Layout patterns
1744:78837,Title and Desc,SectionHeader,361,154,6.1 - Spouse Onboarding - Landing Page,Layout patterns
1744:78884,Title and Desc,SectionHeader,361,118,6.2 - Spouse Onboarding - Setup Profile,Layout patterns
1744:78924,Title and Desc,SectionHeader,361,118,6.3 - Spouse Onboarding - Setup Profile,Layout patterns
1744:78964,Title and Desc,SectionHeader,361,118,6.6 - Spouse Onboarding - Profile Photo Upload,Layout patterns
1744:80407,Title and Desc,SectionHeader,255,45,12.13 - AI Assist Page - Create Event - Invites Sent!,Layout patterns
1744:71415,Dialogue Box,Dialog,320,175,18.3 - Club Details - Not Admin - Leave Club,Modals
1744:72185,Dialogue Box,Dialog,361,314,18.11 - Club Details - Admin - Remove Pop Up,Modals
1744:72325,Dialogue Box,Dialog,361,314,18.12 - Club Details - Admin - Remove Pop Up,Modals
1744:72728,Dialogue Box,Dialog,361,225,18.15 - Notifications List - User Removed From Club - Pop Up Info,Modals
1744:77233,Pop Up Modal,Sheet,393,612,4.4 - Add Kids - Pop Up - 1,Modals
1744:77312,Pop Up Modal,Sheet,393,608,4.5 - Add Kids - Pop Up - 2,Modals
1744:77391,Pop Up Modal,Sheet,393,608,4.6 - Add Kids - Pop Up - 3,Modals
1744:77470,Pop Up Modal,Sheet,393,728,4.7 - Add Kids - Pop Up - 4,Modals
1744:77576,Pop Up Modal,Sheet,393,728,4.8 - Add Kids - Pop Up - 5,Modals
1744:77709,Pop Up Modal,Sheet,393,728,4.9 - Add Kids - Pop Up - 6,Modals
1744:77856,Pop Up Modal,Sheet,393,608,4.10 - Add Kids - Pop Up - 7,Modals
1744:77935,Pop Up Modal,Sheet,393,608,4.11 - Add Kids - Pop Up - 8,Modals
1744:78014,Pop Up Modal,Sheet,393,608,4.13 - Add Kids - Pop Up - 9,Modals
1744:66935,Header,Header / with-indicator,393,96,3.1 - Permission Required Page,Header disambiguation
1744:66937,Header,Header / bar,393,56,3.1 - Permission Required Page,Header disambiguation
1744:66964,Header,Header / with-indicator,393,96,3.2 - Permission Required Page,Header disambiguation
1744:66966,Header,Header / bar,393,56,3.2 - Permission Required Page,Header disambiguation
1744:66993,Header,Header / with-indicator,393,96,2.3 - Verify Phone Number - Default,Header disambiguation
1744:66995,Header,Header / bar,393,56,2.3 - Verify Phone Number - Default,Header disambiguation
1744:67010,Header,Header / with-indicator,393,96,2.1 - Join with Phone Number - Default,Header disambiguation
1744:67012,Header,Header / bar,393,56,2.1 - Join with Phone Number - Default,Header disambiguation
1744:67028,Header,Header / with-indicator,393,96,2.4- Verify Phone Number - Filled,Header disambiguation
1744:67030,Header,Header / bar,393,56,2.4- Verify Phone Number - Filled,Header disambiguation
1744:67045,Header,Header / with-indicator,393,96,2.5 - Verify Phone Number - Default,Header disambiguation
1744:67047,Header,Header / bar,393,56,2.5 - Verify Phone Number - Default,Header disambiguation
1744:67075,Header,Header / with-indicator,393,96,2.2 - Join with Phone Number - Filled,Header disambiguation
1744:67077,Header,Header / bar,393,56,2.2 - Join with Phone Number - Filled,Header disambiguation
1744:68737,Header,Header / with-indicator,393,96,8.1 - Home - My Events,Header disambiguation
1744:68882,Header,Header / with-indicator,393,96,8.2 - Home - My Events - Shimmer Loading,Header disambiguation
1744:69256,Header,Header / bar,393,56,15.4 - Clubs - User Details,Header disambiguation
1744:73042,Header,Header / with-indicator,393,96,11.1 - Home - My Events - Upload Moments,Header disambiguation
1744:73102,Header,Header / with-indicator,393,96,11.4 - Home - My Events - Upload Moments - Select Multiple,Header disambiguation
1744:73168,Header,Header / with-indicator,393,96,11.2 - Home - My Events - Upload Moments,Header disambiguation
1744:73184,Header,Header / with-indicator,393,96,11.5 - Home - My Events - Upload Moments - Select Multiple,Header disambiguation
1744:73251,Header,Header / with-indicator,393,96,11.3 - Home - My Events - Upload Moments - Gallery,Header disambiguation
1744:75803,Header,Header / with-indicator,393,96,11.6 - Home - My Events - Upload Moments - Post Multiple,Header disambiguation
1744:75835,Header,Header / with-indicator,393,96,11.7 - Home - My Events - Upload Moments - Edit,Header disambiguation
1744:76867,Header,Header / with-indicator,393,96,4.1 - Details Information - Default,Header disambiguation
1744:76869,Header,Header / bar,393,56,4.1 - Details Information - Default,Header disambiguation
1744:76904,Header,Header / with-indicator,393,96,4.2 - Details Information - Filled,Header disambiguation
1744:76906,Header,Header / bar,393,56,4.2 - Details Information - Filled,Header disambiguation
1744:76941,Header,Header / with-indicator,393,96,4.16 - Select Kids Groups - Default,Header disambiguation
1744:76943,Header,Header / bar,393,56,4.16 - Select Kids Groups - Default,Header disambiguation
1744:77008,Header,Header / with-indicator,393,96,4.3 - Add Kids - Empty State,Header disambiguation
1744:77010,Header,Header / bar,393,56,4.3 - Add Kids - Empty State,Header disambiguation
1744:77047,Header,Header / with-indicator,393,96,4.14 - Add Kids - Filled,Header disambiguation
1744:77049,Header,Header / bar,393,56,4.14 - Add Kids - Filled,Header disambiguation
1744:77095,Header,Header / with-indicator,393,96,4.15 - Add Kids - Full Spot,Header disambiguation
1744:77097,Header,Header / bar,393,56,4.15 - Add Kids - Full Spot,Header disambiguation
1744:77195,Header,Header / with-indicator,393,96,4.4 - Add Kids - Pop Up - 1,Header disambiguation
1744:77197,Header,Header / bar,393,56,4.4 - Add Kids - Pop Up - 1,Header disambiguation
1744:77274,Header,Header / with-indicator,393,96,4.5 - Add Kids - Pop Up - 2,Header disambiguation
1744:77276,Header,Header / bar,393,56,4.5 - Add Kids - Pop Up - 2,Header disambiguation
1744:77353,Header,Header / with-indicator,393,96,4.6 - Add Kids - Pop Up - 3,Header disambiguation
1744:77355,Header,Header / bar,393,56,4.6 - Add Kids - Pop Up - 3,Header disambiguation
1744:77432,Header,Header / with-indicator,393,96,4.7 - Add Kids - Pop Up - 4,Header disambiguation
1744:77434,Header,Header / bar,393,56,4.7 - Add Kids - Pop Up - 4,Header disambiguation
1744:77538,Header,Header / with-indicator,393,96,4.8 - Add Kids - Pop Up - 5,Header disambiguation
1744:77540,Header,Header / bar,393,56,4.8 - Add Kids - Pop Up - 5,Header disambiguation
1744:77671,Header,Header / with-indicator,393,96,4.9 - Add Kids - Pop Up - 6,Header disambiguation
1744:77673,Header,Header / bar,393,56,4.9 - Add Kids - Pop Up - 6,Header disambiguation
1744:77818,Header,Header / with-indicator,393,96,4.10 - Add Kids - Pop Up - 7,Header disambiguation
1744:77820,Header,Header / bar,393,56,4.10 - Add Kids - Pop Up - 7,Header disambiguation
1744:77897,Header,Header / with-indicator,393,96,4.11 - Add Kids - Pop Up - 8,Header disambiguation
1744:77899,Header,Header / bar,393,56,4.11 - Add Kids - Pop Up - 8,Header disambiguation
1744:77976,Header,Header / with-indicator,393,96,4.13 - Add Kids - Pop Up - 9,Header disambiguation
1744:77978,Header,Header / bar,393,56,4.13 - Add Kids - Pop Up - 9,Header disambiguation
1744:78054,Header,Header / with-indicator,393,96,4.17 - Select Kids Groups - Dropdown,Header disambiguation
1744:78056,Header,Header / bar,393,56,4.17 - Select Kids Groups - Dropdown,Header disambiguation
1744:78150,Header,Header / with-indicator,393,96,4.18 - Select Kids Groups - Selected,Header disambiguation
1744:78152,Header,Header / bar,393,56,4.18 - Select Kids Groups - Selected,Header disambiguation
1744:78434,Header,Header / bar,393,56,5.6 - Add your spouse,Header disambiguation
1744:78494,Header,Header / bar,393,56,5.7 - Add your spouse,Header disambiguation
1744:78827,Header,Header / with-indicator,393,96,6.1 - Spouse Onboarding - Landing Page,Header disambiguation
1744:78829,Header,Header / bar,393,56,6.1 - Spouse Onboarding - Landing Page,Header disambiguation
1744:78875,Header,Header / with-indicator,393,96,6.2 - Spouse Onboarding - Setup Profile,Header disambiguation
1744:78877,Header,Header / bar,393,56,6.2 - Spouse Onboarding - Setup Profile,Header disambiguation
1744:78915,Header,Header / with-indicator,393,96,6.3 - Spouse Onboarding - Setup Profile,Header disambiguation
1744:78917,Header,Header / bar,393,56,6.3 - Spouse Onboarding - Setup Profile,Header disambiguation
1744:78955,Header,Header / with-indicator,393,96,6.6 - Spouse Onboarding - Profile Photo Upload,Header disambiguation
1744:78957,Header,Header / bar,393,56,6.6 - Spouse Onboarding - Profile Photo Upload,Header disambiguation
1744:78992,Header,Header / with-indicator,393,96,4.19 - AI Onboarding,Header disambiguation
1744:78994,Header,Header / bar,393,56,4.19 - AI Onboarding,Header disambiguation
1744:79013,Header,Header / with-indicator,393,96,4.21 - AI Onboarding - Ask for Activities,Header disambiguation
1744:79015,Header,Header / bar,393,56,4.21 - AI Onboarding - Ask for Activities,Header disambiguation
1744:79042,Header,Header / with-indicator,393,96,4.20 - AI Onboarding - AI Intro,Header disambiguation
1744:79044,Header,Header / bar,393,56,4.20 - AI Onboarding - AI Intro,Header disambiguation
1744:80593,Header,Header / with-indicator,393,96,6.6 - Spouse Onboarding - AI Onboarding 1,Header disambiguation
1744:80595,Header,Header / bar,393,56,6.6 - Spouse Onboarding - AI Onboarding 1,Header disambiguation
1744:80614,Header,Header / with-indicator,393,96,6.6 - Spouse Onboarding - AI Onboarding 3,Header disambiguation
1744:80616,Header,Header / bar,393,56,6.6 - Spouse Onboarding - AI Onboarding 3,Header disambiguation
1744:80643,Header,Header / with-indicator,393,96,6.6 - Spouse Onboarding - AI Onboarding 2,Header disambiguation
1744:80645,Header,Header / bar,393,56,6.6 - Spouse Onboarding - AI Onboarding 2,Header disambiguation
1744:80784,Header,Header / with-indicator,393,96,7.3 - Home - Discover Events - Activities This Week - See All,Header disambiguation
1744:81451,Header,Header / with-indicator,393,96,7.4 - Home - Sub-Category - Parks and Playgrounds,Header disambiguation
1744:66958,Bottom Button,Bottom CTA / default,393,118,3.1 - Permission Required Page,Bottom Button
1744:66987,Bottom Button,Bottom CTA / default,393,118,3.2 - Permission Required Page,Bottom Button
1744:67003,Bottom Button,Bottom CTA / expanded,393,375,2.3 - Verify Phone Number - Default,Bottom Button
1744:67020,Bottom Button,Bottom CTA / expanded,393,375,2.1 - Join with Phone Number - Default,Bottom Button
1744:67038,Bottom Button,Bottom CTA / expanded,393,375,2.4- Verify Phone Number - Filled,Bottom Button
1744:67063,Bottom Button,Bottom CTA / expanded,393,375,2.5 - Verify Phone Number - Default,Bottom Button
1744:67086,Bottom Button,Bottom CTA / expanded,393,375,2.2 - Join with Phone Number - Filled,Bottom Button
1744:67101,Bottom Button,Bottom CTA / expanded,393,156,1 - Splash Screen,Bottom Button
1744:69356,Bottom Button,Bottom CTA / default,393,118,15.4 - Clubs - User Details,Bottom Button
1744:70936,Bottom Button,Bottom CTA / default,393,118,13.3 - AI Assist Page - Create Club - Club Question 1,Bottom Button
1744:71001,Bottom Button,Bottom CTA / default,393,118,13.6 - AI Assist Page - Create Club - Club Question 4,Bottom Button
1744:71462,Bottom Button,Bottom CTA / default,393,116,18.16 - Edit Club,Bottom Button
1744:71497,Bottom Button,Bottom CTA / default,393,116,18.20 - Edit Club - Shimmer Loading,Bottom Button
1744:71541,Bottom Button,Bottom CTA / default,393,116,18.17 - Edit Club - Full View,Bottom Button
1744:71594,Bottom Button,Bottom CTA / default,393,116,18.18 - Edit Club - Club Cover,Bottom Button
1744:73178,Bottom Button,Bottom CTA / default,393,118,11.2 - Home - My Events - Upload Moments,Bottom Button
1744:73469,Bottom Button,Bottom CTA / default,393,118,13.8 - AI Assist Page - Create Club - Edit Club Cover,Bottom Button
1744:73658,Bottom Button,Bottom CTA / default,393,118,9.1 - Park and Playground Details Page - As Host,Bottom Button
1744:73772,Bottom Button,Bottom CTA / default,393,118,9.2 - Park and Playground Details Page - Past Events,Bottom Button
1744:74817,Bottom Button,Bottom CTA / default,393,118,16.7 - Create Event - Send Invites,Bottom Button
1744:74865,Bottom Button,Bottom CTA / default,393,118,16.3 - Create Event - Provide Details,Bottom Button
1744:74919,Bottom Button,Bottom CTA / default,393,118,16.5 - Create Event - User Going Added,Bottom Button
1744:75020,Bottom Button,Bottom CTA / default,393,118,16.4 - Create Event - Who&#39;s Going Pop Up,Bottom Button
1744:75101,Bottom Button,Bottom CTA / default,393,118,16.4 - Create Event - Who&#39;s Going Pop Up,Bottom Button
1744:75697,Bottom Button,Bottom CTA / default,393,118,16.1 - Event Details,Bottom Button
1744:75788,Bottom Button,Bottom CTA / default,393,118,13.10 - AI Assist Page - Create Club - Invite Sent + Preview,Bottom Button
1744:75829,Bottom Button,Bottom CTA / default,393,118,11.6 - Home - My Events - Upload Moments - Post Multiple,Bottom Button
1744:75851,Bottom Button,Bottom CTA / default,393,118,11.7 - Home - My Events - Upload Moments - Edit,Bottom Button
1744:75907,Bottom Button,Bottom CTA / default,393,118,16.13 - Create Event - Provide Details,Bottom Button
1744:75970,Bottom Button,Bottom CTA / default,393,118,16.15 - Create Event - User Going Added,Bottom Button
1744:76033,Bottom Button,Bottom CTA / default,393,118,16.20 - Create Event - User Going Added,Bottom Button
1744:76096,Bottom Button,Bottom CTA / default,393,118,16.16 - Create Event - User Going Added,Bottom Button
1744:76271,Bottom Button,Bottom CTA / default,393,118,16.17 - Create Event - User Going Added,Bottom Button
1744:76446,Bottom Button,Bottom CTA / default,393,118,16.18 - Create Event - User Going Added,Bottom Button
1744:76621,Bottom Button,Bottom CTA / default,393,118,16.19 - Create Event - User Going Added,Bottom Button
1744:76780,Bottom Button,Bottom CTA / default,393,118,16.14 - Create Event - Who&#39;s Going Pop Up,Bottom Button
1744:76861,Bottom Button,Bottom CTA / default,393,118,16.14 - Create Event - Who&#39;s Going Pop Up,Bottom Button
1744:76898,Bottom Button,Bottom CTA / default,393,118,4.1 - Details Information - Default,Bottom Button
1744:76935,Bottom Button,Bottom CTA / default,393,118,4.2 - Details Information - Filled,Bottom Button
1744:77002,Bottom Button,Bottom CTA / default,393,118,4.16 - Select Kids Groups - Default,Bottom Button
1744:77041,Bottom Button,Bottom CTA / default,393,118,4.3 - Add Kids - Empty State,Bottom Button
1744:77089,Bottom Button,Bottom CTA / default,393,118,4.14 - Add Kids - Filled,Bottom Button
1744:77189,Bottom Button,Bottom CTA / default,393,118,4.15 - Add Kids - Full Spot,Bottom Button
1744:77228,Bottom Button,Bottom CTA / default,393,118,4.4 - Add Kids - Pop Up - 1,Bottom Button
1744:77307,Bottom Button,Bottom CTA / default,393,118,4.5 - Add Kids - Pop Up - 2,Bottom Button
1744:77386,Bottom Button,Bottom CTA / default,393,118,4.6 - Add Kids - Pop Up - 3,Bottom Button
1744:77465,Bottom Button,Bottom CTA / default,393,118,4.7 - Add Kids - Pop Up - 4,Bottom Button
1744:77571,Bottom Button,Bottom CTA / default,393,118,4.8 - Add Kids - Pop Up - 5,Bottom Button
1744:77704,Bottom Button,Bottom CTA / default,393,118,4.9 - Add Kids - Pop Up - 6,Bottom Button
1744:77851,Bottom Button,Bottom CTA / default,393,118,4.10 - Add Kids - Pop Up - 7,Bottom Button
1744:77930,Bottom Button,Bottom CTA / default,393,118,4.11 - Add Kids - Pop Up - 8,Bottom Button
1744:78009,Bottom Button,Bottom CTA / default,393,118,4.13 - Add Kids - Pop Up - 9,Bottom Button
1744:78144,Bottom Button,Bottom CTA / default,393,118,4.17 - Select Kids Groups - Dropdown,Bottom Button
1744:78240,Bottom Button,Bottom CTA / default,393,118,4.18 - Select Kids Groups - Selected,Bottom Button
1744:78358,Bottom Button,Bottom CTA / default,393,118,5.1 - Customize Profile - Default,Bottom Button
1744:78425,Bottom Button,Bottom CTA / default,393,118,5.4 - Customize Profile - Profile Image Uploaded,Bottom Button
1744:78484,Bottom Button,Bottom CTA / default,393,118,5.6 - Add your spouse,Bottom Button
1744:78549,Bottom Button,Bottom CTA / default,393,118,5.7 - Add your spouse,Bottom Button
1744:78718,Bottom Button,Bottom CTA / default,393,118,5.4 - Customize Profile - Profile Image Uploaded,Bottom Button
1744:78869,Bottom Button,Bottom CTA / default,393,118,6.1 - Spouse Onboarding - Landing Page,Bottom Button
1744:78909,Bottom Button,Bottom CTA / default,393,118,6.2 - Spouse Onboarding - Setup Profile,Bottom Button
1744:78949,Bottom Button,Bottom CTA / default,393,118,6.3 - Spouse Onboarding - Setup Profile,Bottom Button
1744:78986,Bottom Button,Bottom CTA / default,393,118,6.6 - Spouse Onboarding - Profile Photo Upload,Bottom Button
1744:79296,Bottom Button,Bottom CTA / default,393,110,12.5 - AI Assist Page - Create Event - Edit Event Details,Bottom Button
1744:79360,Bottom Button,Bottom CTA / default,393,110,12.7 - AI Assist Page - Create Event - Edit Event Details - User Added,Bottom Button
1744:79424,Bottom Button,Bottom CTA / default,393,110,12.12 - AI Assist Page - Create Event - Edit Event Details - Time Set,Bottom Button
1744:79488,Bottom Button,Bottom CTA / default,393,110,12.8 - AI Assist Page - Create Event - Edit Event Details - Set Time Pop Up 1,Bottom Button
1744:79664,Bottom Button,Bottom CTA / default,393,110,12.9 - AI Assist Page - Create Event - Edit Event Details - Set Time Pop Up 2,Bottom Button
1744:79840,Bottom Button,Bottom CTA / default,393,110,12.10 - AI Assist Page - Create Event - Edit Event Details - Set Time Pop Up 3,Bottom Button
1744:80016,Bottom Button,Bottom CTA / default,393,110,12.11 - AI Assist Page - Create Event - Edit Event Details - Set Time Pop Up 4,Bottom Button
1744:80185,Bottom Button,Bottom CTA / default,393,110,12.6 - AI Assist Page - Create Event - Edit Event Details - Add User Pop Up,Bottom Button
1744:80267,Bottom Button,Bottom CTA / default,393,118,12.6 - AI Assist Page - Create Event - Edit Event Details - Add User Pop Up,Bottom Button
1744:80394,Bottom Button,Bottom CTA / default,393,118,12.13 - AI Assist Page - Create Event - Send Invites,Bottom Button
1744:80517,Bottom Button,Bottom CTA / default,393,110,12.4 - AI Assist Page - Create Event - Image Preview,Bottom Button
1744:80586,Bottom Button,Bottom CTA / default,393,110,12.3 - AI Assist Page - Create Event - Shimmer Loading,Bottom Button
1744:66943,Button,Form Action Group,361,147,3.1 - Permission Required Page,Button frame cleanup
1744:66972,Button,Form Action Group,361,147,3.2 - Permission Required Page,Button frame cleanup
1744:67116,Button,IconButton / icon,32,32,10.2 - Memories - For You - Comment Pop up 1,Button frame cleanup
1744:67302,Button,IconButton / icon,32,32,10.5 - Memories - For You - Comment Pop up 4,Button frame cleanup
1744:67511,Button,IconButton / icon,32,32,10.6 - Memories - For You - Comment Pop up 5,Button frame cleanup
1744:67721,Button,IconButton / icon,32,32,10.7 - Memories - For You - Comment Pop up 6,Button frame cleanup
1744:67992,Button,IconButton / icon,32,32,10.8 - Memories - For You - Comment Pop up 7,Button frame cleanup
1744:68273,Button,IconButton / icon,32,32,10.3 - Memories - For You - Comment Pop up 2,Button frame cleanup
1744:68461,Button,IconButton / icon,32,32,10.4 - Memories - For You - Comment Pop up 3,Button frame cleanup
1744:68649,Button,IconButton / icon,32,32,10.1 - Memories - For You,Button frame cleanup
1744:68742,Button,IconButton / icon,32,32,8.1 - Home - My Events,Button frame cleanup
1744:68887,Button,IconButton / icon,32,32,8.2 - Home - My Events - Shimmer Loading,Button frame cleanup
1744:70585,Button,IconButton / icon,32,32,7.1 - Home - Discover Events - 2 Events,Button frame cleanup
1744:70738,Button,IconButton / icon,32,32,7.1 - Home - Discover Events - 2 Events,Button frame cleanup
1744:72899,Button,IconButton / icon,32,32,10.1 - Memories - For You,Button frame cleanup
1744:72993,Button,IconButton / icon,32,32,10.9 - Memories - For You - Shimmer Loading,Button frame cleanup
1744:79076,Button,IconButton / icon,32,32,7.1 - Home - Discover Events - 2 Events,Button frame cleanup
1744:80677,Button,IconButton / icon,32,32,7.2 - Home - Discover Events,Button frame cleanup
1744:80789,Button,IconButton / icon,32,32,7.3 - Home - Discover Events - Activities This Week - See All,Button frame cleanup
1744:81213,Button,IconButton / icon,32,32,7.1 - Home - Discover Events - 2 Events,Button frame cleanup
1744:81366,Button,IconButton / icon,32,32,7.5 - Home - Discover Events - Shimmer Loading,Button frame cleanup
